drug_id,toxicity_Label,toxicity_CUI,toxicity_type
DB00001,BLEEDING,C0019080,ANALYTICAL
DB00002,PNEUMONITIS,C0032285,PNEUMOLOGICAL
DB00003,CONJUNCTIVITIS,C0009763,OTHER
DB00008,HEPATITIS,C0019158,GASTROINTESTINAL
DB00008,COLITIS,C0009319,GASTROINTESTINAL
DB00008,HYPOTHYROIDISM,C0020676,ENDOCRINE
DB00008,HYPERTHYROIDISM,C0020550,ENDOCRINE
DB00008,PNEUMONITIS,C0032285,PNEUMOLOGICAL
DB00008,NEPHRITIS,C0027697,ANALYTICAL
DB00017,ALLERGY,C0020517,GENERAL
DB00022,HEPATITIS,C0019158,GASTROINTESTINAL
DB00022,COLITIS,C0009319,GASTROINTESTINAL
DB00022,HYPOTHYROIDISM,C0020676,ENDOCRINE
DB00022,HYPERTHYROIDISM,C0020550,ENDOCRINE
DB00022,PNEUMONITIS,C0032285,PNEUMOLOGICAL
DB00022,NEPHRITIS,C0027697,ANALYTICAL
DB00023,PANCREATITIS,C0030305,ENDOCRINE
DB00026,NAUSEA,C0027497,GASTROINTESTINAL
DB00026,VOMITING,C0042963,GASTROINTESTINAL
DB00034,COLD_SORES,C0038363,GENERAL
DB00034,SORES,C0149745,GENERAL
DB00034,NAUSEA,C0027497,GASTROINTESTINAL
DB00034,VOMITING,C0042963,GASTROINTESTINAL
DB00034,HEPATOTOXICITY,C0235378,GASTROINTESTINAL
DB00034,HYPOTHYROIDISM,C0020676,ENDOCRINE
DB00034,HYPERTHYROIDISM,C0020550,ENDOCRINE
DB00034,SKIN_RASH,C0015230,CUTANEOUS
DB00034,NEUROTOXICITY,C0235032,NEUROLOGICAL
DB00046,NAUSEA,C0027497,GASTROINTESTINAL
DB00047,ALLERGIC_REACTION,C0020517,GENERAL
DB00047,NAUSEA,C0027497,GASTROINTESTINAL
DB00051,TRANSAMINASES,C0002594,GASTROINTESTINAL
DB00059,ANAPHYLAXIS,C0002792,GENERAL
DB00059,HEPATOTOXICITY,C0235378,GASTROINTESTINAL
DB00059,TRANSAMINASES,C0002594,GASTROINTESTINAL
DB00062,ANAPHYLAXIS,C0002792,GENERAL
DB00062,NAUSEA,C0027497,GASTROINTESTINAL
DB00062,VOMITING,C0042963,GASTROINTESTINAL
DB00062,SKIN_RASH,C0015230,CUTANEOUS
DB00066,NAUSEA,C0027497,GASTROINTESTINAL
DB00091,HEPATOTOXICITY,C0235378,GASTROINTESTINAL
DB00091,NEPHROTOXICITY,C0599918,ANALYTICAL
DB00099,ALOPECIA,C0002170,GENERAL
DB00099,ALLERGIC_REACTION,C0020517,GENERAL
DB00099,ANAPHYLAXIS,C0002792,GENERAL
DB00099,NEUTROPENIA,C0027947,ANALYTICAL
DB00099,NEPHRITIS,C0027697,ANALYTICAL
DB00112,BLEEDING,C0019080,ANALYTICAL
DB00119,MYOPATHY,C0026848,ENDOCRINE
DB00125,NAUSEA,C0027497,GASTROINTESTINAL
DB00130,NAUSEA,C0027497,GASTROINTESTINAL
DB00130,CONSTIPATION,C0009806,GASTROINTESTINAL
DB00134,NAUSEA,C0027497,GASTROINTESTINAL
DB00134,VOMITING,C0042963,GASTROINTESTINAL
DB00136,ANOREXIA,C0003123,GENERAL
DB00136,NAUSEA,C0027497,GASTROINTESTINAL
DB00136,VOMITING,C0042963,GASTROINTESTINAL
DB00136,CONSTIPATION,C0009806,GASTROINTESTINAL
DB00136,PANCREATITIS,C0030305,ENDOCRINE
DB00136,CONJUNCTIVITIS,C0009763,OTHER
DB00138,NAUSEA,C0027497,GASTROINTESTINAL
DB00141,ALLERGIC_REACTION,C0020517,GENERAL
DB00146,NAUSEA,C0027497,GASTROINTESTINAL
DB00146,VOMITING,C0042963,GASTROINTESTINAL
DB00146,CONSTIPATION,C0009806,GASTROINTESTINAL
DB00150,VOMITING,C0042963,GASTROINTESTINAL
DB00162,ANOREXIA,C0003123,GENERAL
DB00162,VOMITING,C0042963,GASTROINTESTINAL
DB00169,ANOREXIA,C0003123,GENERAL
DB00169,NAUSEA,C0027497,GASTROINTESTINAL
DB00169,VOMITING,C0042963,GASTROINTESTINAL
DB00169,PANCREATITIS,C0030305,ENDOCRINE
DB00176,ANOREXIA,C0003123,GENERAL
DB00176,NAUSEA,C0027497,GASTROINTESTINAL
DB00176,CONSTIPATION,C0009806,GASTROINTESTINAL
DB00176,SKIN_RASH,C0015230,CUTANEOUS
DB00178,HEPATOTOXICITY,C0235378,GASTROINTESTINAL
DB00179,ALLERGIC_REACTION,C0020517,GENERAL
DB00182,ANOREXIA,C0003123,GENERAL
DB00182,VOMITING,C0042963,GASTROINTESTINAL
DB00182,MYOPATHY,C0026848,ENDOCRINE
DB00184,NAUSEA,C0027497,GASTROINTESTINAL
DB00184,VOMITING,C0042963,GASTROINTESTINAL
DB00191,NAUSEA,C0027497,GASTROINTESTINAL
DB00191,VOMITING,C0042963,GASTROINTESTINAL
DB00192,NAUSEA,C0027497,GASTROINTESTINAL
DB00192,VOMITING,C0042963,GASTROINTESTINAL
DB00196,HEPATOTOXICITY,C0235378,GASTROINTESTINAL
DB00199,NAUSEA,C0027497,GASTROINTESTINAL
DB00199,VOMITING,C0042963,GASTROINTESTINAL
DB00199,TRANSAMINASES,C0002594,GASTROINTESTINAL
DB00199,COLITIS,C0009319,GASTROINTESTINAL
DB00207,HEARING_LOSS,C1384666,OTHER
DB00208,NEUTROPENIA,C0027947,ANALYTICAL
DB00215,NAUSEA,C0027497,GASTROINTESTINAL
DB00215,VOMITING,C0042963,GASTROINTESTINAL
DB00218,VOMITING,C0042963,GASTROINTESTINAL
DB00221,NAUSEA,C0027497,GASTROINTESTINAL
DB00226,CONSTIPATION,C0009806,GASTROINTESTINAL
DB00228,NAUSEA,C0027497,GASTROINTESTINAL
DB00228,VOMITING,C0042963,GASTROINTESTINAL
DB00229,NAUSEA,C0027497,GASTROINTESTINAL
DB00229,VOMITING,C0042963,GASTROINTESTINAL
DB00230,ASTHENIA,C0004093,GENERAL
DB00230,CONSTIPATION,C0009806,GASTROINTESTINAL
DB00238,NAUSEA,C0027497,GASTROINTESTINAL
DB00238,VOMITING,C0042963,GASTROINTESTINAL
DB00239,DERMATITIS,C0011603,CUTANEOUS
DB00240,SKIN_RASH,C0015230,CUTANEOUS
DB00242,NEUTROPENIA,C0027947,ANALYTICAL
DB00242,NEPHROTOXICITY,C0599918,ANALYTICAL
DB00243,NAUSEA,C0027497,GASTROINTESTINAL
DB00243,VOMITING,C0042963,GASTROINTESTINAL
DB00244,VOMITING,C0042963,GASTROINTESTINAL
DB00246,ASTHENIA,C0004093,GENERAL
DB00246,NAUSEA,C0027497,GASTROINTESTINAL
DB00246,VOMITING,C0042963,GASTROINTESTINAL
DB00252,NAUSEA,C0027497,GASTROINTESTINAL
DB00252,VOMITING,C0042963,GASTROINTESTINAL
DB00254,COLITIS,C0009319,GASTROINTESTINAL
DB00255,NAUSEA,C0027497,GASTROINTESTINAL
DB00255,VOMITING,C0042963,GASTROINTESTINAL
DB00255,BLEEDING,C0019080,ANALYTICAL
DB00256,NAUSEA,C0027497,GASTROINTESTINAL
DB00256,VOMITING,C0042963,GASTROINTESTINAL
DB00256,DIARRHOEA,C0011991,GASTROINTESTINAL
DB00256,COLITIS,C0009319,GASTROINTESTINAL
DB00256,ENTEROCOLITIS,C0014356,GASTROINTESTINAL
DB00256,DERMATITIS,C0011603,CUTANEOUS
DB00258,NAUSEA,C0027497,GASTROINTESTINAL
DB00258,VOMITING,C0042963,GASTROINTESTINAL
DB00258,CONSTIPATION,C0009806,GASTROINTESTINAL
DB00259,SKIN_RASH,C0015230,CUTANEOUS
DB00261,BLEEDING,C0019080,ANALYTICAL
DB00262,NAUSEA,C0027497,GASTROINTESTINAL
DB00267,NAUSEA,C0027497,GASTROINTESTINAL
DB00267,VOMITING,C0042963,GASTROINTESTINAL
DB00268,NAUSEA,C0027497,GASTROINTESTINAL
DB00268,VOMITING,C0042963,GASTROINTESTINAL
DB00269,NAUSEA,C0027497,GASTROINTESTINAL
DB00269,VOMITING,C0042963,GASTROINTESTINAL
DB00269,BLEEDING,C0019080,ANALYTICAL
DB00274,NAUSEA,C0027497,GASTROINTESTINAL
DB00274,VOMITING,C0042963,GASTROINTESTINAL
DB00276,NAUSEA,C0027497,GASTROINTESTINAL
DB00276,VOMITING,C0042963,GASTROINTESTINAL
DB00278,BLEEDING,C0019080,ANALYTICAL
DB00279,HYPERTHYROIDISM,C0020550,ENDOCRINE
DB00282,ALLERGIC_REACTION,C0020517,GENERAL
DB00286,NAUSEA,C0027497,GASTROINTESTINAL
DB00286,VOMITING,C0042963,GASTROINTESTINAL
DB00286,BLEEDING,C0019080,ANALYTICAL
DB00290,ALLERGIC_REACTION,C0020517,GENERAL
DB00290,NAUSEA,C0027497,GASTROINTESTINAL
DB00290,VOMITING,C0042963,GASTROINTESTINAL
DB00293,SORES,C0149745,GENERAL
DB00293,BLEEDING,C0019080,ANALYTICAL
DB00299,NAUSEA,C0027497,GASTROINTESTINAL
DB00299,HYPERBILIRUBINEMIA,C0020433,GASTROINTESTINAL
DB00302,NAUSEA,C0027497,GASTROINTESTINAL
DB00302,VOMITING,C0042963,GASTROINTESTINAL
DB00304,NAUSEA,C0027497,GASTROINTESTINAL
DB00304,BLEEDING,C0019080,ANALYTICAL
DB00305,NAUSEA,C0027497,GASTROINTESTINAL
DB00305,VOMITING,C0042963,GASTROINTESTINAL
DB00313,HEPATOTOXICITY,C0235378,GASTROINTESTINAL
DB00317,SKIN_RASH,C0015230,CUTANEOUS
DB00318,NAUSEA,C0027497,GASTROINTESTINAL
DB00318,VOMITING,C0042963,GASTROINTESTINAL
DB00318,CONSTIPATION,C0009806,GASTROINTESTINAL
DB00320,NAUSEA,C0027497,GASTROINTESTINAL
DB00320,VOMITING,C0042963,GASTROINTESTINAL
DB00322,NAUSEA,C0027497,GASTROINTESTINAL
DB00322,VOMITING,C0042963,GASTROINTESTINAL
DB00322,BLEEDING,C0019080,ANALYTICAL
DB00324,CONJUNCTIVITIS,C0009763,OTHER
DB00328,NAUSEA,C0027497,GASTROINTESTINAL
DB00328,VOMITING,C0042963,GASTROINTESTINAL
DB00336,DERMATITIS,C0011603,CUTANEOUS
DB00338,NAUSEA,C0027497,GASTROINTESTINAL
DB00339,ANOREXIA,C0003123,GENERAL
DB00339,NAUSEA,C0027497,GASTROINTESTINAL
DB00339,VOMITING,C0042963,GASTROINTESTINAL
DB00339,SKIN_RASH,C0015230,CUTANEOUS
DB00342,NAUSEA,C0027497,GASTROINTESTINAL
DB00344,CONSTIPATION,C0009806,GASTROINTESTINAL
DB00347,NAUSEA,C0027497,GASTROINTESTINAL
DB00352,NAUSEA,C0027497,GASTROINTESTINAL
DB00352,VOMITING,C0042963,GASTROINTESTINAL
DB00353,NAUSEA,C0027497,GASTROINTESTINAL
DB00353,VOMITING,C0042963,GASTROINTESTINAL
DB00356,NAUSEA,C0027497,GASTROINTESTINAL
DB00356,VOMITING,C0042963,GASTROINTESTINAL
DB00357,NAUSEA,C0027497,GASTROINTESTINAL
DB00357,VOMITING,C0042963,GASTROINTESTINAL
DB00358,NAUSEA,C0027497,GASTROINTESTINAL
DB00358,VOMITING,C0042963,GASTROINTESTINAL
DB00361,ASTHENIA,C0004093,GENERAL
DB00361,ANOREXIA,C0003123,GENERAL
DB00361,NAUSEA,C0027497,GASTROINTESTINAL
DB00361,SKIN_RASH,C0015230,CUTANEOUS
DB00364,CONSTIPATION,C0009806,GASTROINTESTINAL
DB00370,VOMITING,C0042963,GASTROINTESTINAL
DB00374,NAUSEA,C0027497,GASTROINTESTINAL
DB00374,VOMITING,C0042963,GASTROINTESTINAL
DB00379,NAUSEA,C0027497,GASTROINTESTINAL
DB00382,NAUSEA,C0027497,GASTROINTESTINAL
DB00382,VOMITING,C0042963,GASTROINTESTINAL
DB00384,NAUSEA,C0027497,GASTROINTESTINAL
DB00384,VOMITING,C0042963,GASTROINTESTINAL
DB00390,NAUSEA,C0027497,GASTROINTESTINAL
DB00390,VOMITING,C0042963,GASTROINTESTINAL
DB00407,BLEEDING,C0019080,ANALYTICAL
DB00414,NAUSEA,C0027497,GASTROINTESTINAL
DB00417,VOMITING,C0042963,GASTROINTESTINAL
DB00419,NEUTROPENIA,C0027947,ANALYTICAL
DB00420,CONSTIPATION,C0009806,GASTROINTESTINAL
DB00420,ANAEMIA,C0002871,ANALYTICAL
DB00421,NAUSEA,C0027497,GASTROINTESTINAL
DB00421,VOMITING,C0042963,GASTROINTESTINAL
DB00422,VOMITING,C0042963,GASTROINTESTINAL
DB00423,NAUSEA,C0027497,GASTROINTESTINAL
DB00424,NAUSEA,C0027497,GASTROINTESTINAL
DB00424,VOMITING,C0042963,GASTROINTESTINAL
DB00426,NAUSEA,C0027497,GASTROINTESTINAL
DB00426,VOMITING,C0042963,GASTROINTESTINAL
DB00426,CONSTIPATION,C0009806,GASTROINTESTINAL
DB00428,ANOREXIA,C0003123,GENERAL
DB00428,NAUSEA,C0027497,GASTROINTESTINAL
DB00428,VOMITING,C0042963,GASTROINTESTINAL
DB00428,NEPHROTOXICITY,C0599918,ANALYTICAL
DB00429,NAUSEA,C0027497,GASTROINTESTINAL
DB00429,VOMITING,C0042963,GASTROINTESTINAL
DB00430,NAUSEA,C0027497,GASTROINTESTINAL
DB00430,VOMITING,C0042963,GASTROINTESTINAL
DB00445,MUCOSITIS,C0333355,GENERAL
DB00445,BLEEDING,C0019080,ANALYTICAL
DB00447,NAUSEA,C0027497,GASTROINTESTINAL
DB00447,VOMITING,C0042963,GASTROINTESTINAL
DB00448,NAUSEA,C0027497,GASTROINTESTINAL
DB00448,CONSTIPATION,C0009806,GASTROINTESTINAL
DB00458,ANOREXIA,C0003123,GENERAL
DB00458,NAUSEA,C0027497,GASTROINTESTINAL
DB00458,VOMITING,C0042963,GASTROINTESTINAL
DB00458,CONSTIPATION,C0009806,GASTROINTESTINAL
DB00461,NAUSEA,C0027497,GASTROINTESTINAL
DB00461,VOMITING,C0042963,GASTROINTESTINAL
DB00461,BLEEDING,C0019080,ANALYTICAL
DB00462,NAUSEA,C0027497,GASTROINTESTINAL
DB00462,VOMITING,C0042963,GASTROINTESTINAL
DB00465,NAUSEA,C0027497,GASTROINTESTINAL
DB00465,VOMITING,C0042963,GASTROINTESTINAL
DB00465,BLEEDING,C0019080,ANALYTICAL
DB00471,VOMITING,C0042963,GASTROINTESTINAL
DB00472,ASTHENIA,C0004093,GENERAL
DB00472,ANOREXIA,C0003123,GENERAL
DB00472,NAUSEA,C0027497,GASTROINTESTINAL
DB00474,ALLERGIC_REACTION,C0020517,GENERAL
DB00476,VOMITING,C0042963,GASTROINTESTINAL
DB00479,NAUSEA,C0027497,GASTROINTESTINAL
DB00479,VOMITING,C0042963,GASTROINTESTINAL
DB00479,NEPHROTOXICITY,C0599918,ANALYTICAL
DB00479,OTOTOXICITY,C0235280,OTHER
DB00481,VOMITING,C0042963,GASTROINTESTINAL
DB00482,NAUSEA,C0027497,GASTROINTESTINAL
DB00482,VOMITING,C0042963,GASTROINTESTINAL
DB00482,BLEEDING,C0019080,ANALYTICAL
DB00484,ASTHENIA,C0004093,GENERAL
DB00484,VOMITING,C0042963,GASTROINTESTINAL
DB00485,NAUSEA,C0027497,GASTROINTESTINAL
DB00490,NAUSEA,C0027497,GASTROINTESTINAL
DB00490,VOMITING,C0042963,GASTROINTESTINAL
DB00493,NAUSEA,C0027497,GASTROINTESTINAL
DB00493,VOMITING,C0042963,GASTROINTESTINAL
DB00494,NAUSEA,C0027497,GASTROINTESTINAL
DB00494,CONSTIPATION,C0009806,GASTROINTESTINAL
DB00495,NAUSEA,C0027497,GASTROINTESTINAL
DB00495,VOMITING,C0042963,GASTROINTESTINAL
DB00499,ANOREXIA,C0003123,GENERAL
DB00500,NAUSEA,C0027497,GASTROINTESTINAL
DB00500,VOMITING,C0042963,GASTROINTESTINAL
DB00501,NAUSEA,C0027497,GASTROINTESTINAL
DB00501,VOMITING,C0042963,GASTROINTESTINAL
DB00502,NAUSEA,C0027497,GASTROINTESTINAL
DB00502,VOMITING,C0042963,GASTROINTESTINAL
DB00502,CONSTIPATION,C0009806,GASTROINTESTINAL
DB00502,HYPOTHYROIDISM,C0020676,ENDOCRINE
DB00503,ALLERGIC_REACTION,C0020517,GENERAL
DB00503,HEPATOTOXICITY,C0235378,GASTROINTESTINAL
DB00503,PANCREATITIS,C0030305,ENDOCRINE
DB00507,ASTHENIA,C0004093,GENERAL
DB00507,ALLERGIC_REACTION,C0020517,GENERAL
DB00507,ANOREXIA,C0003123,GENERAL
DB00507,VOMITING,C0042963,GASTROINTESTINAL
DB00507,CONSTIPATION,C0009806,GASTROINTESTINAL
DB00512,NAUSEA,C0027497,GASTROINTESTINAL
DB00512,VOMITING,C0042963,GASTROINTESTINAL
DB00512,CONSTIPATION,C0009806,GASTROINTESTINAL
DB00512,NEUTROPENIA,C0027947,ANALYTICAL
DB00512,NEPHROTOXICITY,C0599918,ANALYTICAL
DB00512,HEARING_LOSS,C1384666,OTHER
DB00518,NEUTROPENIA,C0027947,ANALYTICAL
DB00520,NAUSEA,C0027497,GASTROINTESTINAL
DB00526,NAUSEA,C0027497,GASTROINTESTINAL
DB00526,VOMITING,C0042963,GASTROINTESTINAL
DB00526,TRANSAMINASES,C0002594,GASTROINTESTINAL
DB00526,NEUTROPENIA,C0027947,ANALYTICAL
DB00526,BLEEDING,C0019080,ANALYTICAL
DB00530,ANOREXIA,C0003123,GENERAL
DB00530,NAUSEA,C0027497,GASTROINTESTINAL
DB00531,ALOPECIA,C0002170,GENERAL
DB00531,NAUSEA,C0027497,GASTROINTESTINAL
DB00531,VOMITING,C0042963,GASTROINTESTINAL
DB00531,NEUTROPENIA,C0027947,ANALYTICAL
DB00531,FEBRILE_NEUTROPENIA,C0746883,ANALYTICAL
DB00535,NAUSEA,C0027497,GASTROINTESTINAL
DB00535,VOMITING,C0042963,GASTROINTESTINAL
DB00536,NAUSEA,C0027497,GASTROINTESTINAL
DB00536,VOMITING,C0042963,GASTROINTESTINAL
DB00536,RENAL_INSUFFICIENCY,C0035078,ANALYTICAL
DB00537,NAUSEA,C0027497,GASTROINTESTINAL
DB00537,VOMITING,C0042963,GASTROINTESTINAL
DB00537,NEPHROTOXICITY,C0599918,ANALYTICAL
DB00540,CONSTIPATION,C0009806,GASTROINTESTINAL
DB00541,NEUROTOXICITY,C0235032,NEUROLOGICAL
DB00542,NAUSEA,C0027497,GASTROINTESTINAL
DB00551,ANOREXIA,C0003123,GENERAL
DB00551,NAUSEA,C0027497,GASTROINTESTINAL
DB00551,VOMITING,C0042963,GASTROINTESTINAL
DB00552,NAUSEA,C0027497,GASTROINTESTINAL
DB00554,NAUSEA,C0027497,GASTROINTESTINAL
DB00554,VOMITING,C0042963,GASTROINTESTINAL
DB00559,NAUSEA,C0027497,GASTROINTESTINAL
DB00559,VOMITING,C0042963,GASTROINTESTINAL
DB00560,NAUSEA,C0027497,GASTROINTESTINAL
DB00560,VOMITING,C0042963,GASTROINTESTINAL
DB00562,NAUSEA,C0027497,GASTROINTESTINAL
DB00562,VOMITING,C0042963,GASTROINTESTINAL
DB00564,VOMITING,C0042963,GASTROINTESTINAL
DB00567,NAUSEA,C0027497,GASTROINTESTINAL
DB00567,VOMITING,C0042963,GASTROINTESTINAL
DB00573,NAUSEA,C0027497,GASTROINTESTINAL
DB00573,VOMITING,C0042963,GASTROINTESTINAL
DB00578,NAUSEA,C0027497,GASTROINTESTINAL
DB00578,VOMITING,C0042963,GASTROINTESTINAL
DB00579,NAUSEA,C0027497,GASTROINTESTINAL
DB00579,VOMITING,C0042963,GASTROINTESTINAL
DB00580,NAUSEA,C0027497,GASTROINTESTINAL
DB00580,VOMITING,C0042963,GASTROINTESTINAL
DB00580,BLEEDING,C0019080,ANALYTICAL
DB00581,CONSTIPATION,C0009806,GASTROINTESTINAL
DB00586,PNEUMONITIS,C0032285,PNEUMOLOGICAL
DB00593,NAUSEA,C0027497,GASTROINTESTINAL
DB00593,VOMITING,C0042963,GASTROINTESTINAL
DB00595,ALLERGIC_REACTION,C0020517,GENERAL
DB00601,VOMITING,C0042963,GASTROINTESTINAL
DB00602,SKIN_RASH,C0015230,CUTANEOUS
DB00603,BLEEDING,C0019080,ANALYTICAL
DB00607,NAUSEA,C0027497,GASTROINTESTINAL
DB00607,VOMITING,C0042963,GASTROINTESTINAL
DB00609,NAUSEA,C0027497,GASTROINTESTINAL
DB00609,VOMITING,C0042963,GASTROINTESTINAL
DB00613,VOMITING,C0042963,GASTROINTESTINAL
DB00617,NAUSEA,C0027497,GASTROINTESTINAL
DB00619,NAUSEA,C0027497,GASTROINTESTINAL
DB00619,VOMITING,C0042963,GASTROINTESTINAL
DB00630,NAUSEA,C0027497,GASTROINTESTINAL
DB00630,VOMITING,C0042963,GASTROINTESTINAL
DB00630,CONSTIPATION,C0009806,GASTROINTESTINAL
DB00631,VOMITING,C0042963,GASTROINTESTINAL
DB00631,HYPERBILIRUBINEMIA,C0020433,GASTROINTESTINAL
DB00632,NAUSEA,C0027497,GASTROINTESTINAL
DB00632,HYPERBILIRUBINEMIA,C0020433,GASTROINTESTINAL
DB00634,NAUSEA,C0027497,GASTROINTESTINAL
DB00634,VOMITING,C0042963,GASTROINTESTINAL
DB00643,NEUTROPENIA,C0027947,ANALYTICAL
DB00655,NAUSEA,C0027497,GASTROINTESTINAL
DB00655,VOMITING,C0042963,GASTROINTESTINAL
DB00655,BLEEDING,C0019080,ANALYTICAL
DB00660,NAUSEA,C0027497,GASTROINTESTINAL
DB00660,VOMITING,C0042963,GASTROINTESTINAL
DB00663,SKIN_RASH,C0015230,CUTANEOUS
DB00665,NAUSEA,C0027497,GASTROINTESTINAL
DB00665,VOMITING,C0042963,GASTROINTESTINAL
DB00668,ANAPHYLAXIS,C0002792,GENERAL
DB00668,NAUSEA,C0027497,GASTROINTESTINAL
DB00668,VOMITING,C0042963,GASTROINTESTINAL
DB00671,NAUSEA,C0027497,GASTROINTESTINAL
DB00671,VOMITING,C0042963,GASTROINTESTINAL
DB00677,NAUSEA,C0027497,GASTROINTESTINAL
DB00677,VOMITING,C0042963,GASTROINTESTINAL
DB00679,CONSTIPATION,C0009806,GASTROINTESTINAL
DB00680,VOMITING,C0042963,GASTROINTESTINAL
DB00682,BLEEDING,C0019080,ANALYTICAL
DB00682,DEAFNESS,C0011053,OTHER
DB00685,VOMITING,C0042963,GASTROINTESTINAL
DB00688,NAUSEA,C0027497,GASTROINTESTINAL
DB00688,VOMITING,C0042963,GASTROINTESTINAL
DB00688,NEUTROPENIA,C0027947,ANALYTICAL
DB00689,NAUSEA,C0027497,GASTROINTESTINAL
DB00689,VOMITING,C0042963,GASTROINTESTINAL
DB00695,HEARING_LOSS,C1384666,OTHER
DB00695,DEAFNESS,C0011053,OTHER
DB00696,NAUSEA,C0027497,GASTROINTESTINAL
DB00696,VOMITING,C0042963,GASTROINTESTINAL
DB00698,VOMITING,C0042963,GASTROINTESTINAL
DB00705,CONJUNCTIVITIS,C0009763,OTHER
DB00709,NAUSEA,C0027497,GASTROINTESTINAL
DB00712,ALLERGIC_REACTION,C0020517,GENERAL
DB00712,NAUSEA,C0027497,GASTROINTESTINAL
DB00712,VOMITING,C0042963,GASTROINTESTINAL
DB00712,CONSTIPATION,C0009806,GASTROINTESTINAL
DB00712,DERMATITIS,C0011603,CUTANEOUS
DB00712,BLEEDING,C0019080,ANALYTICAL
DB00715,ASTHENIA,C0004093,GENERAL
DB00715,NAUSEA,C0027497,GASTROINTESTINAL
DB00715,VOMITING,C0042963,GASTROINTESTINAL
DB00715,CONSTIPATION,C0009806,GASTROINTESTINAL
DB00716,CONJUNCTIVITIS,C0009763,OTHER
DB00724,NAUSEA,C0027497,GASTROINTESTINAL
DB00724,DIARRHOEA,C0011991,GASTROINTESTINAL
DB00726,VOMITING,C0042963,GASTROINTESTINAL
DB00727,VOMITING,C0042963,GASTROINTESTINAL
DB00736,NAUSEA,C0027497,GASTROINTESTINAL
DB00738,ANOREXIA,C0003123,GENERAL
DB00738,NAUSEA,C0027497,GASTROINTESTINAL
DB00746,OTOTOXICITY,C0235280,OTHER
DB00749,NAUSEA,C0027497,GASTROINTESTINAL
DB00749,VOMITING,C0042963,GASTROINTESTINAL
DB00749,CONSTIPATION,C0009806,GASTROINTESTINAL
DB00749,DERMATITIS,C0011603,CUTANEOUS
DB00749,BLEEDING,C0019080,ANALYTICAL
DB00754,NAUSEA,C0027497,GASTROINTESTINAL
DB00756,ANOREXIA,C0003123,GENERAL
DB00756,VOMITING,C0042963,GASTROINTESTINAL
DB00758,VOMITING,C0042963,GASTROINTESTINAL
DB00762,NAUSEA,C0027497,GASTROINTESTINAL
DB00762,VOMITING,C0042963,GASTROINTESTINAL
DB00763,NAUSEA,C0027497,GASTROINTESTINAL
DB00763,VOMITING,C0042963,GASTROINTESTINAL
DB00763,HEPATITIS,C0019158,GASTROINTESTINAL
DB00763,DERMATITIS,C0011603,CUTANEOUS
DB00766,VOMITING,C0042963,GASTROINTESTINAL
DB00769,DERMATITIS,C0011603,CUTANEOUS
DB00773,ALOPECIA,C0002170,GENERAL
DB00773,NAUSEA,C0027497,GASTROINTESTINAL
DB00773,VOMITING,C0042963,GASTROINTESTINAL
DB00773,CONSTIPATION,C0009806,GASTROINTESTINAL
DB00778,NAUSEA,C0027497,GASTROINTESTINAL
DB00778,VOMITING,C0042963,GASTROINTESTINAL
DB00778,DIARRHOEA,C0011991,GASTROINTESTINAL
DB00779,NAUSEA,C0027497,GASTROINTESTINAL
DB00787,NEPHROTOXICITY,C0599918,ANALYTICAL
DB00787,NEUROTOXICITY,C0235032,NEUROLOGICAL
DB00788,NAUSEA,C0027497,GASTROINTESTINAL
DB00788,VOMITING,C0042963,GASTROINTESTINAL
DB00798,NAUSEA,C0027497,GASTROINTESTINAL
DB00798,VOMITING,C0042963,GASTROINTESTINAL
DB00798,NEPHROTOXICITY,C0599918,ANALYTICAL
DB00798,OTOTOXICITY,C0235280,OTHER
DB00799,NAUSEA,C0027497,GASTROINTESTINAL
DB00799,DERMATITIS,C0011603,CUTANEOUS
DB00808,NAUSEA,C0027497,GASTROINTESTINAL
DB00808,VOMITING,C0042963,GASTROINTESTINAL
DB00816,NAUSEA,C0027497,GASTROINTESTINAL
DB00827,ANOREXIA,C0003123,GENERAL
DB00827,NAUSEA,C0027497,GASTROINTESTINAL
DB00827,VOMITING,C0042963,GASTROINTESTINAL
DB00829,HEPATITIS,C0019158,GASTROINTESTINAL
DB00833,NAUSEA,C0027497,GASTROINTESTINAL
DB00833,VOMITING,C0042963,GASTROINTESTINAL
DB00834,NAUSEA,C0027497,GASTROINTESTINAL
DB00834,VOMITING,C0042963,GASTROINTESTINAL
DB00834,BLEEDING,C0019080,ANALYTICAL
DB00836,NAUSEA,C0027497,GASTROINTESTINAL
DB00836,CONSTIPATION,C0009806,GASTROINTESTINAL
DB00843,NAUSEA,C0027497,GASTROINTESTINAL
DB00843,VOMITING,C0042963,GASTROINTESTINAL
DB00845,BLEEDING,C0019080,ANALYTICAL
DB00852,NAUSEA,C0027497,GASTROINTESTINAL
DB00852,VOMITING,C0042963,GASTROINTESTINAL
DB00854,ALLERGIC_REACTION,C0020517,GENERAL
DB00854,NAUSEA,C0027497,GASTROINTESTINAL
DB00854,SKIN_RASH,C0015230,CUTANEOUS
DB00856,NAUSEA,C0027497,GASTROINTESTINAL
DB00861,NAUSEA,C0027497,GASTROINTESTINAL
DB00861,VOMITING,C0042963,GASTROINTESTINAL
DB00861,BLEEDING,C0019080,ANALYTICAL
DB00870,NAUSEA,C0027497,GASTROINTESTINAL
DB00870,VOMITING,C0042963,GASTROINTESTINAL
DB00870,BLEEDING,C0019080,ANALYTICAL
DB00874,NAUSEA,C0027497,GASTROINTESTINAL
DB00874,VOMITING,C0042963,GASTROINTESTINAL
DB00879,HEPATOTOXICITY,C0235378,GASTROINTESTINAL
DB00881,NAUSEA,C0027497,GASTROINTESTINAL
DB00881,VOMITING,C0042963,GASTROINTESTINAL
DB00882,NAUSEA,C0027497,GASTROINTESTINAL
DB00882,VOMITING,C0042963,GASTROINTESTINAL
DB00887,ANOREXIA,C0003123,GENERAL
DB00887,VOMITING,C0042963,GASTROINTESTINAL
DB00888,HYPERPIGMENTATION,C0162834,GENERAL
DB00888,DERMATITIS,C0011603,CUTANEOUS
DB00888,BLEEDING,C0019080,ANALYTICAL
DB00890,NAUSEA,C0027497,GASTROINTESTINAL
DB00890,VOMITING,C0042963,GASTROINTESTINAL
DB00890,BLEEDING,C0019080,ANALYTICAL
DB00893,ALLERGIC_REACTION,C0020517,GENERAL
DB00895,ANAPHYLAXIS,C0002792,GENERAL
DB00898,NAUSEA,C0027497,GASTROINTESTINAL
DB00898,VOMITING,C0042963,GASTROINTESTINAL
DB00900,PANCREATITIS,C0030305,ENDOCRINE
DB00904,CONSTIPATION,C0009806,GASTROINTESTINAL
DB00906,VOMITING,C0042963,GASTROINTESTINAL
DB00915,RENAL_INSUFFICIENCY,C0035078,ANALYTICAL
DB00916,NAUSEA,C0027497,GASTROINTESTINAL
DB00916,NEUTROPENIA,C0027947,ANALYTICAL
DB00923,NAUSEA,C0027497,GASTROINTESTINAL
DB00923,VOMITING,C0042963,GASTROINTESTINAL
DB00924,VOMITING,C0042963,GASTROINTESTINAL
DB00925,VOMITING,C0042963,GASTROINTESTINAL
DB00928,NAUSEA,C0027497,GASTROINTESTINAL
DB00928,VOMITING,C0042963,GASTROINTESTINAL
DB00930,NAUSEA,C0027497,GASTROINTESTINAL
DB00930,VOMITING,C0042963,GASTROINTESTINAL
DB00930,CONSTIPATION,C0009806,GASTROINTESTINAL
DB00934,VOMITING,C0042963,GASTROINTESTINAL
DB00938,NAUSEA,C0027497,GASTROINTESTINAL
DB00944,NAUSEA,C0027497,GASTROINTESTINAL
DB00944,VOMITING,C0042963,GASTROINTESTINAL
DB00945,HEPATITIS,C0019158,GASTROINTESTINAL
DB00945,BLEEDING,C0019080,ANALYTICAL
DB00945,NEPHROTOXICITY,C0599918,ANALYTICAL
DB00945,NEPHRITIS,C0027697,ANALYTICAL
DB00946,BLEEDING,C0019080,ANALYTICAL
DB00951,HEPATITIS,C0019158,GASTROINTESTINAL
DB00953,VOMITING,C0042963,GASTROINTESTINAL
DB00954,NAUSEA,C0027497,GASTROINTESTINAL
DB00954,VOMITING,C0042963,GASTROINTESTINAL
DB00955,NAUSEA,C0027497,GASTROINTESTINAL
DB00955,VOMITING,C0042963,GASTROINTESTINAL
DB00955,NEPHROTOXICITY,C0599918,ANALYTICAL
DB00955,HEARING_LOSS,C1384666,OTHER
DB00962,NAUSEA,C0027497,GASTROINTESTINAL
DB00964,ASTHENIA,C0004093,GENERAL
DB00964,VOMITING,C0042963,GASTROINTESTINAL
DB00968,NAUSEA,C0027497,GASTROINTESTINAL
DB00968,VOMITING,C0042963,GASTROINTESTINAL
DB00968,CONSTIPATION,C0009806,GASTROINTESTINAL
DB00976,NAUSEA,C0027497,GASTROINTESTINAL
DB00976,VOMITING,C0042963,GASTROINTESTINAL
DB00977,NAUSEA,C0027497,GASTROINTESTINAL
DB00977,VOMITING,C0042963,GASTROINTESTINAL
DB00977,BLEEDING,C0019080,ANALYTICAL
DB00981,NAUSEA,C0027497,GASTROINTESTINAL
DB00981,VOMITING,C0042963,GASTROINTESTINAL
DB00982,VOMITING,C0042963,GASTROINTESTINAL
DB00983,NAUSEA,C0027497,GASTROINTESTINAL
DB00983,VOMITING,C0042963,GASTROINTESTINAL
DB00986,CONSTIPATION,C0009806,GASTROINTESTINAL
DB00987,CONJUNCTIVITIS,C0009763,OTHER
DB00988,NAUSEA,C0027497,GASTROINTESTINAL
DB00988,VOMITING,C0042963,GASTROINTESTINAL
DB00988,ANAEMIA,C0002871,ANALYTICAL
DB00993,BLEEDING,C0019080,ANALYTICAL
DB00994,NAUSEA,C0027497,GASTROINTESTINAL
DB00994,VOMITING,C0042963,GASTROINTESTINAL
DB00994,NEPHROTOXICITY,C0599918,ANALYTICAL
DB00994,NEUROTOXICITY,C0235032,NEUROLOGICAL
DB00994,HEARING_LOSS,C1384666,OTHER
DB00994,OTOTOXICITY,C0235280,OTHER
DB00995,VOMITING,C0042963,GASTROINTESTINAL
DB00995,DIARRHOEA,C0011991,GASTROINTESTINAL
DB00995,SKIN_RASH,C0015230,CUTANEOUS
DB01000,NAUSEA,C0027497,GASTROINTESTINAL
DB01000,VOMITING,C0042963,GASTROINTESTINAL
DB01001,NAUSEA,C0027497,GASTROINTESTINAL
DB01003,NAUSEA,C0027497,GASTROINTESTINAL
DB01008,ALLERGIC_REACTION,C0020517,GENERAL
DB01008,NAUSEA,C0027497,GASTROINTESTINAL
DB01008,VOMITING,C0042963,GASTROINTESTINAL
DB01008,BLEEDING,C0019080,ANALYTICAL
DB01009,NAUSEA,C0027497,GASTROINTESTINAL
DB01009,VOMITING,C0042963,GASTROINTESTINAL
DB01009,CONSTIPATION,C0009806,GASTROINTESTINAL
DB01010,NAUSEA,C0027497,GASTROINTESTINAL
DB01010,VOMITING,C0042963,GASTROINTESTINAL
DB01011,NAUSEA,C0027497,GASTROINTESTINAL
DB01011,VOMITING,C0042963,GASTROINTESTINAL
DB01015,NAUSEA,C0027497,GASTROINTESTINAL
DB01015,VOMITING,C0042963,GASTROINTESTINAL
DB01024,NAUSEA,C0027497,GASTROINTESTINAL
DB01024,VOMITING,C0042963,GASTROINTESTINAL
DB01024,NEUTROPENIA,C0027947,ANALYTICAL
DB01033,ANOREXIA,C0003123,GENERAL
DB01033,NAUSEA,C0027497,GASTROINTESTINAL
DB01033,VOMITING,C0042963,GASTROINTESTINAL
DB01034,NAUSEA,C0027497,GASTROINTESTINAL
DB01034,VOMITING,C0042963,GASTROINTESTINAL
DB01045,NAUSEA,C0027497,GASTROINTESTINAL
DB01045,VOMITING,C0042963,GASTROINTESTINAL
DB01046,ASTHENIA,C0004093,GENERAL
DB01046,ANOREXIA,C0003123,GENERAL
DB01046,NAUSEA,C0027497,GASTROINTESTINAL
DB01046,VOMITING,C0042963,GASTROINTESTINAL
DB01048,NAUSEA,C0027497,GASTROINTESTINAL
DB01048,VOMITING,C0042963,GASTROINTESTINAL
DB01049,NAUSEA,C0027497,GASTROINTESTINAL
DB01049,VOMITING,C0042963,GASTROINTESTINAL
DB01050,NAUSEA,C0027497,GASTROINTESTINAL
DB01050,VOMITING,C0042963,GASTROINTESTINAL
DB01060,NAUSEA,C0027497,GASTROINTESTINAL
DB01060,VOMITING,C0042963,GASTROINTESTINAL
DB01065,NAUSEA,C0027497,GASTROINTESTINAL
DB01065,VOMITING,C0042963,GASTROINTESTINAL
DB01066,NAUSEA,C0027497,GASTROINTESTINAL
DB01066,VOMITING,C0042963,GASTROINTESTINAL
DB01074,NAUSEA,C0027497,GASTROINTESTINAL
DB01077,VOMITING,C0042963,GASTROINTESTINAL
DB01079,NAUSEA,C0027497,GASTROINTESTINAL
DB01079,VOMITING,C0042963,GASTROINTESTINAL
DB01082,NAUSEA,C0027497,GASTROINTESTINAL
DB01082,VOMITING,C0042963,GASTROINTESTINAL
DB01082,NEPHROTOXICITY,C0599918,ANALYTICAL
DB01082,HEARING_LOSS,C1384666,OTHER
DB01088,NAUSEA,C0027497,GASTROINTESTINAL
DB01088,VOMITING,C0042963,GASTROINTESTINAL
DB01095,NAUSEA,C0027497,GASTROINTESTINAL
DB01095,CONSTIPATION,C0009806,GASTROINTESTINAL
DB01095,HEPATOTOXICITY,C0235378,GASTROINTESTINAL
DB01098,ASTHENIA,C0004093,GENERAL
DB01098,NAUSEA,C0027497,GASTROINTESTINAL
DB01098,CONSTIPATION,C0009806,GASTROINTESTINAL
DB01098,HEPATOTOXICITY,C0235378,GASTROINTESTINAL
DB01098,MYOPATHY,C0026848,ENDOCRINE
DB01104,NAUSEA,C0027497,GASTROINTESTINAL
DB01104,VOMITING,C0042963,GASTROINTESTINAL
DB01104,PANCREATITIS,C0030305,ENDOCRINE
DB01105,ANOREXIA,C0003123,GENERAL
DB01105,CONSTIPATION,C0009806,GASTROINTESTINAL
DB01106,NAUSEA,C0027497,GASTROINTESTINAL
DB01108,VOMITING,C0042963,GASTROINTESTINAL
DB01108,SKIN_RASH,C0015230,CUTANEOUS
DB01109,BLEEDING,C0019080,ANALYTICAL
DB01115,NAUSEA,C0027497,GASTROINTESTINAL
DB01118,HEPATITIS,C0019158,GASTROINTESTINAL
DB01118,PNEUMONITIS,C0032285,PNEUMOLOGICAL
DB01125,BLEEDING,C0019080,ANALYTICAL
DB01126,RENAL_INSUFFICIENCY,C0035078,ANALYTICAL
DB01137,NAUSEA,C0027497,GASTROINTESTINAL
DB01138,NAUSEA,C0027497,GASTROINTESTINAL
DB01138,VOMITING,C0042963,GASTROINTESTINAL
DB01139,ANAEMIA,C0002871,ANALYTICAL
DB01140,VOMITING,C0042963,GASTROINTESTINAL
DB01140,DIARRHOEA,C0011991,GASTROINTESTINAL
DB01151,NAUSEA,C0027497,GASTROINTESTINAL
DB01151,VOMITING,C0042963,GASTROINTESTINAL
DB01151,CONSTIPATION,C0009806,GASTROINTESTINAL
DB01158,PNEUMONITIS,C0032285,PNEUMOLOGICAL
DB01159,HEPATITIS,C0019158,GASTROINTESTINAL
DB01160,NAUSEA,C0027497,GASTROINTESTINAL
DB01160,VOMITING,C0042963,GASTROINTESTINAL
DB01172,NAUSEA,C0027497,GASTROINTESTINAL
DB01172,VOMITING,C0042963,GASTROINTESTINAL
DB01172,NEPHROTOXICITY,C0599918,ANALYTICAL
DB01172,OTOTOXICITY,C0235280,OTHER
DB01175,NAUSEA,C0027497,GASTROINTESTINAL
DB01175,VOMITING,C0042963,GASTROINTESTINAL
DB01178,NAUSEA,C0027497,GASTROINTESTINAL
DB01181,NAUSEA,C0027497,GASTROINTESTINAL
DB01181,VOMITING,C0042963,GASTROINTESTINAL
DB01186,NAUSEA,C0027497,GASTROINTESTINAL
DB01186,VOMITING,C0042963,GASTROINTESTINAL
DB01190,ALLERGIC_REACTION,C0020517,GENERAL
DB01190,NAUSEA,C0027497,GASTROINTESTINAL
DB01190,COLITIS,C0009319,GASTROINTESTINAL
DB01190,NEUTROPENIA,C0027947,ANALYTICAL
DB01195,NAUSEA,C0027497,GASTROINTESTINAL
DB01195,VOMITING,C0042963,GASTROINTESTINAL
DB01200,NAUSEA,C0027497,GASTROINTESTINAL
DB01200,VOMITING,C0042963,GASTROINTESTINAL
DB01200,CONSTIPATION,C0009806,GASTROINTESTINAL
DB01208,VOMITING,C0042963,GASTROINTESTINAL
DB01211,ANAPHYLAXIS,C0002792,GENERAL
DB01211,NAUSEA,C0027497,GASTROINTESTINAL
DB01211,COLITIS,C0009319,GASTROINTESTINAL
DB01211,HEARING_LOSS,C1384666,OTHER
DB01213,NAUSEA,C0027497,GASTROINTESTINAL
DB01219,VOMITING,C0042963,GASTROINTESTINAL
DB01229,MUCOSITIS,C0333355,GENERAL
DB01229,NEUROTOXICITY,C0235032,NEUROLOGICAL
DB01230,ANOREXIA,C0003123,GENERAL
DB01230,NAUSEA,C0027497,GASTROINTESTINAL
DB01230,SKIN_RASH,C0015230,CUTANEOUS
DB01234,PANCREATITIS,C0030305,ENDOCRINE
DB01234,BLEEDING,C0019080,ANALYTICAL
DB01240,NAUSEA,C0027497,GASTROINTESTINAL
DB01240,VOMITING,C0042963,GASTROINTESTINAL
DB01241,NAUSEA,C0027497,GASTROINTESTINAL
DB01241,VOMITING,C0042963,GASTROINTESTINAL
DB01242,CONSTIPATION,C0009806,GASTROINTESTINAL
DB01248,ASTHENIA,C0004093,GENERAL
DB01248,MUCOSITIS,C0333355,GENERAL
DB01248,NEUTROPENIA,C0027947,ANALYTICAL
DB01248,NEUROTOXICITY,C0235032,NEUROLOGICAL
DB01253,NAUSEA,C0027497,GASTROINTESTINAL
DB01253,VOMITING,C0042963,GASTROINTESTINAL
DB01253,DIARRHOEA,C0011991,GASTROINTESTINAL
DB01255,NAUSEA,C0027497,GASTROINTESTINAL
DB01255,VOMITING,C0042963,GASTROINTESTINAL
DB01259,VOMITING,C0042963,GASTROINTESTINAL
DB01262,NEUTROPENIA,C0027947,ANALYTICAL
DB01280,NEUROTOXICITY,C0235032,NEUROLOGICAL
DB01281,NAUSEA,C0027497,GASTROINTESTINAL
DB01288,NAUSEA,C0027497,GASTROINTESTINAL
DB01296,NAUSEA,C0027497,GASTROINTESTINAL
DB01296,VOMITING,C0042963,GASTROINTESTINAL
DB01301,ANAPHYLAXIS,C0002792,GENERAL
DB01301,ANOREXIA,C0003123,GENERAL
DB01301,NAUSEA,C0027497,GASTROINTESTINAL
DB01301,DIARRHOEA,C0011991,GASTROINTESTINAL
DB01301,COLITIS,C0009319,GASTROINTESTINAL
DB01301,ENTEROCOLITIS,C0014356,GASTROINTESTINAL
DB01301,DERMATITIS,C0011603,CUTANEOUS
DB01301,NEUTROPENIA,C0027947,ANALYTICAL
DB01301,ANAEMIA,C0002871,ANALYTICAL
DB01306,NAUSEA,C0027497,GASTROINTESTINAL
DB01307,NAUSEA,C0027497,GASTROINTESTINAL
DB01309,NAUSEA,C0027497,GASTROINTESTINAL
DB01320,VOMITING,C0042963,GASTROINTESTINAL
DB01326,NAUSEA,C0027497,GASTROINTESTINAL
DB01326,VOMITING,C0042963,GASTROINTESTINAL
DB01329,NAUSEA,C0027497,GASTROINTESTINAL
DB01329,VOMITING,C0042963,GASTROINTESTINAL
DB01366,NAUSEA,C0027497,GASTROINTESTINAL
DB01381,NAUSEA,C0027497,GASTROINTESTINAL
DB01381,VOMITING,C0042963,GASTROINTESTINAL
DB01394,VOMITING,C0042963,GASTROINTESTINAL
DB01396,ANOREXIA,C0003123,GENERAL
DB01396,NAUSEA,C0027497,GASTROINTESTINAL
DB01396,VOMITING,C0042963,GASTROINTESTINAL
DB01396,DIARRHOEA,C0011991,GASTROINTESTINAL
DB01401,VOMITING,C0042963,GASTROINTESTINAL
DB01401,HEARING_IMPAIRMENT,C1384666,OTHER
DB01405,ALLERGIC_REACTION,C0020517,GENERAL
DB01411,SKIN_RASH,C0015230,CUTANEOUS
DB01418,NAUSEA,C0027497,GASTROINTESTINAL
DB01418,VOMITING,C0042963,GASTROINTESTINAL
DB01418,DIARRHOEA,C0011991,GASTROINTESTINAL
DB01418,BLEEDING,C0019080,ANALYTICAL
DB01436,ANOREXIA,C0003123,GENERAL
DB01436,NAUSEA,C0027497,GASTROINTESTINAL
DB01436,VOMITING,C0042963,GASTROINTESTINAL
DB01436,CONSTIPATION,C0009806,GASTROINTESTINAL
DB01436,PANCREATITIS,C0030305,ENDOCRINE
DB01436,CONJUNCTIVITIS,C0009763,OTHER
DB01439,NAUSEA,C0027497,GASTROINTESTINAL
DB01440,NAUSEA,C0027497,GASTROINTESTINAL
DB01463,NAUSEA,C0027497,GASTROINTESTINAL
DB01567,NAUSEA,C0027497,GASTROINTESTINAL
DB01577,NAUSEA,C0027497,GASTROINTESTINAL
DB01577,VOMITING,C0042963,GASTROINTESTINAL
DB01579,NAUSEA,C0027497,GASTROINTESTINAL
DB01579,VOMITING,C0042963,GASTROINTESTINAL
DB01581,NAUSEA,C0027497,GASTROINTESTINAL
DB01581,VOMITING,C0042963,GASTROINTESTINAL
DB01582,NAUSEA,C0027497,GASTROINTESTINAL
DB01582,VOMITING,C0042963,GASTROINTESTINAL
DB01592,VOMITING,C0042963,GASTROINTESTINAL
DB01606,ANAPHYLAXIS,C0002792,GENERAL
DB01606,VOMITING,C0042963,GASTROINTESTINAL
DB01606,NEPHROTOXICITY,C0599918,ANALYTICAL
DB01612,NAUSEA,C0027497,GASTROINTESTINAL
DB01612,VOMITING,C0042963,GASTROINTESTINAL
DB01613,VOMITING,C0042963,GASTROINTESTINAL
DB03088,ANAEMIA,C0002871,ANALYTICAL
DB04575,NAUSEA,C0027497,GASTROINTESTINAL
DB04575,VOMITING,C0042963,GASTROINTESTINAL
DB04575,BLEEDING,C0019080,ANALYTICAL
DB04833,NAUSEA,C0027497,GASTROINTESTINAL
DB04833,VOMITING,C0042963,GASTROINTESTINAL
DB04843,NAUSEA,C0027497,GASTROINTESTINAL
DB04843,VOMITING,C0042963,GASTROINTESTINAL
DB04850,VOMITING,C0042963,GASTROINTESTINAL
DB04855,ASTHENIA,C0004093,GENERAL
DB04855,NAUSEA,C0027497,GASTROINTESTINAL
DB04855,VOMITING,C0042963,GASTROINTESTINAL
DB04861,VOMITING,C0042963,GASTROINTESTINAL
DB04865,BLEEDING,C0019080,ANALYTICAL
DB04894,NAUSEA,C0027497,GASTROINTESTINAL
DB04894,VOMITING,C0042963,GASTROINTESTINAL
DB04896,VOMITING,C0042963,GASTROINTESTINAL
DB04970,NAUSEA,C0027497,GASTROINTESTINAL
DB04972,NAUSEA,C0027497,GASTROINTESTINAL
DB04972,VOMITING,C0042963,GASTROINTESTINAL
DB05015,HEPATOTOXICITY,C0235378,GASTROINTESTINAL
DB05018,NAUSEA,C0027497,GASTROINTESTINAL
DB05039,NAUSEA,C0027497,GASTROINTESTINAL
DB05084,NAUSEA,C0027497,GASTROINTESTINAL
DB05084,VOMITING,C0042963,GASTROINTESTINAL
DB05084,HYPERTHYROIDISM,C0020550,ENDOCRINE
DB05099,BLEEDING,C0019080,ANALYTICAL
DB05239,NAUSEA,C0027497,GASTROINTESTINAL
DB05239,VOMITING,C0042963,GASTROINTESTINAL
DB05246,NAUSEA,C0027497,GASTROINTESTINAL
DB05246,VOMITING,C0042963,GASTROINTESTINAL
DB05259,ASTHENIA,C0004093,GENERAL
DB05259,NAUSEA,C0027497,GASTROINTESTINAL
DB05271,NAUSEA,C0027497,GASTROINTESTINAL
DB05271,VOMITING,C0042963,GASTROINTESTINAL
DB05351,NAUSEA,C0027497,GASTROINTESTINAL
DB05351,VOMITING,C0042963,GASTROINTESTINAL
DB05528,NAUSEA,C0027497,GASTROINTESTINAL
DB05578,NEUTROPENIA,C0027947,ANALYTICAL
DB05630,NAUSEA,C0027497,GASTROINTESTINAL
DB05630,VOMITING,C0042963,GASTROINTESTINAL
DB05630,DIARRHOEA,C0011991,GASTROINTESTINAL
DB05630,HEPATITIS,C0019158,GASTROINTESTINAL
DB05630,NEPHRITIS,C0027697,ANALYTICAL
DB05773,HEPATOTOXICITY,C0235378,GASTROINTESTINAL
DB05885,NAUSEA,C0027497,GASTROINTESTINAL
DB06014,VOMITING,C0042963,GASTROINTESTINAL
DB06014,DERMATITIS,C0011603,CUTANEOUS
DB06043,NAUSEA,C0027497,GASTROINTESTINAL
DB06043,NEUTROPENIA,C0027947,ANALYTICAL
DB06081,BLEEDING,C0019080,ANALYTICAL
DB06145,NAUSEA,C0027497,GASTROINTESTINAL
DB06145,VOMITING,C0042963,GASTROINTESTINAL
DB06145,HEPATITIS,C0019158,GASTROINTESTINAL
DB06145,COLITIS,C0009319,GASTROINTESTINAL
DB06152,NAUSEA,C0027497,GASTROINTESTINAL
DB06152,RENAL_INSUFFICIENCY,C0035078,ANALYTICAL
DB06153,NAUSEA,C0027497,GASTROINTESTINAL
DB06153,VOMITING,C0042963,GASTROINTESTINAL
DB06155,NAUSEA,C0027497,GASTROINTESTINAL
DB06155,VOMITING,C0042963,GASTROINTESTINAL
DB06155,DIARRHOEA,C0011991,GASTROINTESTINAL
DB06168,NAUSEA,C0027497,GASTROINTESTINAL
DB06176,ANOREXIA,C0003123,GENERAL
DB06176,NAUSEA,C0027497,GASTROINTESTINAL
DB06176,VOMITING,C0042963,GASTROINTESTINAL
DB06193,ALOPECIA,C0002170,GENERAL
DB06193,NAUSEA,C0027497,GASTROINTESTINAL
DB06193,VOMITING,C0042963,GASTROINTESTINAL
DB06193,NEUTROPENIA,C0027947,ANALYTICAL
DB06201,NAUSEA,C0027497,GASTROINTESTINAL
DB06202,BLEEDING,C0019080,ANALYTICAL
DB06204,NAUSEA,C0027497,GASTROINTESTINAL
DB06204,VOMITING,C0042963,GASTROINTESTINAL
DB06210,HEPATOTOXICITY,C0235378,GASTROINTESTINAL
DB06210,HEPATITIS,C0019158,GASTROINTESTINAL
DB06212,ASTHENIA,C0004093,GENERAL
DB06212,CONSTIPATION,C0009806,GASTROINTESTINAL
DB06213,NAUSEA,C0027497,GASTROINTESTINAL
DB06215,ANAPHYLAXIS,C0002792,GENERAL
DB06217,DYSGEUSIA,C0013378,GENERAL
DB06217,NAUSEA,C0027497,GASTROINTESTINAL
DB06219,NAUSEA,C0027497,GASTROINTESTINAL
DB06219,VOMITING,C0042963,GASTROINTESTINAL
DB06219,HEPATOTOXICITY,C0235378,GASTROINTESTINAL
DB06228,BLEEDING,C0019080,ANALYTICAL
DB06262,ANOREXIA,C0003123,GENERAL
DB06262,NAUSEA,C0027497,GASTROINTESTINAL
DB06263,ALOPECIA,C0002170,GENERAL
DB06263,MUCOSITIS,C0333355,GENERAL
DB06263,NAUSEA,C0027497,GASTROINTESTINAL
DB06263,VOMITING,C0042963,GASTROINTESTINAL
DB06263,MYOPATHY,C0026848,ENDOCRINE
DB06263,NEUTROPENIA,C0027947,ANALYTICAL
DB06271,SKIN_RASH,C0015230,CUTANEOUS
DB06290,NAUSEA,C0027497,GASTROINTESTINAL
DB06366,ALOPECIA,C0002170,GENERAL
DB06366,NAUSEA,C0027497,GASTROINTESTINAL
DB06366,NEUTROPENIA,C0027947,ANALYTICAL
DB06404,NAUSEA,C0027497,GASTROINTESTINAL
DB06404,VOMITING,C0042963,GASTROINTESTINAL
DB06480,NAUSEA,C0027497,GASTROINTESTINAL
DB06595,PNEUMONITIS,C0032285,PNEUMOLOGICAL
DB06605,BLEEDING,C0019080,ANALYTICAL
DB06616,NAUSEA,C0027497,GASTROINTESTINAL
DB06616,VOMITING,C0042963,GASTROINTESTINAL
DB06654,NAUSEA,C0027497,GASTROINTESTINAL
DB06654,VOMITING,C0042963,GASTROINTESTINAL
DB06663,NAUSEA,C0027497,GASTROINTESTINAL
DB06693,NAUSEA,C0027497,GASTROINTESTINAL
DB06693,HEPATOTOXICITY,C0235378,GASTROINTESTINAL
DB06693,MYOPATHY,C0026848,ENDOCRINE
DB06695,BLEEDING,C0019080,ANALYTICAL
DB06696,NEPHROTOXICITY,C0599918,ANALYTICAL
DB06696,OTOTOXICITY,C0235280,OTHER
DB06698,NAUSEA,C0027497,GASTROINTESTINAL
DB06699,TRANSAMINASES,C0002594,GASTROINTESTINAL
DB06705,RENAL_INSUFFICIENCY,C0035078,ANALYTICAL
DB06708,ASTHENIA,C0004093,GENERAL
DB06708,ANOREXIA,C0003123,GENERAL
DB06708,VOMITING,C0042963,GASTROINTESTINAL
DB06736,NAUSEA,C0027497,GASTROINTESTINAL
DB06754,BLEEDING,C0019080,ANALYTICAL
DB06769,ANAPHYLAXIS,C0002792,GENERAL
DB06772,NEUTROPENIA,C0027947,ANALYTICAL
DB06774,PNEUMONITIS,C0032285,PNEUMOLOGICAL
DB06774,CONJUNCTIVITIS,C0009763,OTHER
DB06779,ALOPECIA,C0002170,GENERAL
DB06779,TRANSAMINASES,C0002594,GASTROINTESTINAL
DB06779,SKIN_RASH,C0015230,CUTANEOUS
DB06789,NAUSEA,C0027497,GASTROINTESTINAL
DB06791,ALOPECIA,C0002170,GENERAL
DB06791,NAUSEA,C0027497,GASTROINTESTINAL
DB06791,VOMITING,C0042963,GASTROINTESTINAL
DB06792,NAUSEA,C0027497,GASTROINTESTINAL
DB06792,VOMITING,C0042963,GASTROINTESTINAL
DB06796,NAUSEA,C0027497,GASTROINTESTINAL
DB06796,VOMITING,C0042963,GASTROINTESTINAL
DB06799,NAUSEA,C0027497,GASTROINTESTINAL
DB06800,NAUSEA,C0027497,GASTROINTESTINAL
DB06802,BLEEDING,C0019080,ANALYTICAL
DB06803,NAUSEA,C0027497,GASTROINTESTINAL
DB06803,VOMITING,C0042963,GASTROINTESTINAL
DB06810,BLEEDING,C0019080,ANALYTICAL
DB06813,MUCOSITIS,C0333355,GENERAL
DB06819,NAUSEA,C0027497,GASTROINTESTINAL
DB06819,VOMITING,C0042963,GASTROINTESTINAL
DB06819,CONSTIPATION,C0009806,GASTROINTESTINAL
DB06819,HYPERBILIRUBINEMIA,C0020433,GASTROINTESTINAL
DB06819,TRANSAMINASES,C0002594,GASTROINTESTINAL
DB06819,PANCREATITIS,C0030305,ENDOCRINE
DB06819,SKIN_RASH,C0015230,CUTANEOUS
DB06819,BLEEDING,C0019080,ANALYTICAL
DB06822,ALOPECIA,C0002170,GENERAL
DB06822,BLEEDING,C0019080,ANALYTICAL
DB06825,VOMITING,C0042963,GASTROINTESTINAL
DB08813,TRANSAMINASES,C0002594,GASTROINTESTINAL
DB08813,BLEEDING,C0019080,ANALYTICAL
DB08816,NAUSEA,C0027497,GASTROINTESTINAL
DB08816,VOMITING,C0042963,GASTROINTESTINAL
DB08816,BLEEDING,C0019080,ANALYTICAL
DB08826,NAUSEA,C0027497,GASTROINTESTINAL
DB08826,NEUTROPENIA,C0027947,ANALYTICAL
DB08828,ALOPECIA,C0002170,GENERAL
DB08828,DYSGEUSIA,C0013378,GENERAL
DB08828,NAUSEA,C0027497,GASTROINTESTINAL
DB08828,VOMITING,C0042963,GASTROINTESTINAL
DB08828,CONSTIPATION,C0009806,GASTROINTESTINAL
DB08860,CONSTIPATION,C0009806,GASTROINTESTINAL
DB08870,ANAPHYLAXIS,C0002792,GENERAL
DB08870,NAUSEA,C0027497,GASTROINTESTINAL
DB08870,VOMITING,C0042963,GASTROINTESTINAL
DB08870,CONSTIPATION,C0009806,GASTROINTESTINAL
DB08870,NEUTROPENIA,C0027947,ANALYTICAL
DB08870,FEBRILE_NEUTROPENIA,C0746883,ANALYTICAL
DB08873,DYSGEUSIA,C0013378,GENERAL
DB08873,NAUSEA,C0027497,GASTROINTESTINAL
DB08879,NAUSEA,C0027497,GASTROINTESTINAL
DB08880,HEPATOTOXICITY,C0235378,GASTROINTESTINAL
DB08885,NEUTROPENIA,C0027947,ANALYTICAL
DB08886,ANAPHYLAXIS,C0002792,GENERAL
DB08886,NAUSEA,C0027497,GASTROINTESTINAL
DB08886,VOMITING,C0042963,GASTROINTESTINAL
DB08886,HYPERBILIRUBINEMIA,C0020433,GASTROINTESTINAL
DB08886,PANCREATITIS,C0030305,ENDOCRINE
DB08889,NAUSEA,C0027497,GASTROINTESTINAL
DB08889,NEUTROPENIA,C0027947,ANALYTICAL
DB08889,FEBRILE_NEUTROPENIA,C0746883,ANALYTICAL
DB08894,NAUSEA,C0027497,GASTROINTESTINAL
DB08895,NEUTROPENIA,C0027947,ANALYTICAL
DB08896,ASTHENIA,C0004093,GENERAL
DB08896,MUCOSITIS,C0333355,GENERAL
DB08896,NAUSEA,C0027497,GASTROINTESTINAL
DB08898,NAUSEA,C0027497,GASTROINTESTINAL
DB08898,VOMITING,C0042963,GASTROINTESTINAL
DB08899,ASTHENIA,C0004093,GENERAL
DB08900,NAUSEA,C0027497,GASTROINTESTINAL
DB08900,VOMITING,C0042963,GASTROINTESTINAL
DB08901,NAUSEA,C0027497,GASTROINTESTINAL
DB08901,CONSTIPATION,C0009806,GASTROINTESTINAL
DB08901,NEUTROPENIA,C0027947,ANALYTICAL
DB08903,NAUSEA,C0027497,GASTROINTESTINAL
DB08908,NAUSEA,C0027497,GASTROINTESTINAL
DB08910,ASTHENIA,C0004093,GENERAL
DB08910,NAUSEA,C0027497,GASTROINTESTINAL
DB08910,CONSTIPATION,C0009806,GASTROINTESTINAL
DB08910,NEUTROPENIA,C0027947,ANALYTICAL
DB08911,NAUSEA,C0027497,GASTROINTESTINAL
DB08911,VOMITING,C0042963,GASTROINTESTINAL
DB08911,CONSTIPATION,C0009806,GASTROINTESTINAL
DB08911,MYOPATHY,C0026848,ENDOCRINE
DB08911,BLEEDING,C0019080,ANALYTICAL
DB08912,ALOPECIA,C0002170,GENERAL
DB08912,NAUSEA,C0027497,GASTROINTESTINAL
DB08912,VOMITING,C0042963,GASTROINTESTINAL
DB08912,CONSTIPATION,C0009806,GASTROINTESTINAL
DB08912,MYOPATHY,C0026848,ENDOCRINE
DB08912,BLEEDING,C0019080,ANALYTICAL
DB08913,NAUSEA,C0027497,GASTROINTESTINAL
DB08913,VOMITING,C0042963,GASTROINTESTINAL
DB08916,ASTHENIA,C0004093,GENERAL
DB08916,NAUSEA,C0027497,GASTROINTESTINAL
DB08916,VOMITING,C0042963,GASTROINTESTINAL
DB08916,DERMATITIS,C0011603,CUTANEOUS
DB08917,NAUSEA,C0027497,GASTROINTESTINAL
DB08918,NAUSEA,C0027497,GASTROINTESTINAL
DB08918,VOMITING,C0042963,GASTROINTESTINAL
DB08918,CONSTIPATION,C0009806,GASTROINTESTINAL
DB08933,DERMATITIS,C0011603,CUTANEOUS
DB08935,HEPATITIS,C0019158,GASTROINTESTINAL
DB08935,NEUTROPENIA,C0027947,ANALYTICAL
DB08949,NAUSEA,C0027497,GASTROINTESTINAL
DB08949,VOMITING,C0042963,GASTROINTESTINAL
DB08964,NAUSEA,C0027497,GASTROINTESTINAL
DB08964,VOMITING,C0042963,GASTROINTESTINAL
DB09016,NAUSEA,C0027497,GASTROINTESTINAL
DB09016,VOMITING,C0042963,GASTROINTESTINAL
DB09016,CONSTIPATION,C0009806,GASTROINTESTINAL
DB09030,BLEEDING,C0019080,ANALYTICAL
DB09041,DERMATITIS,C0011603,CUTANEOUS
DB09042,NAUSEA,C0027497,GASTROINTESTINAL
DB09042,VOMITING,C0042963,GASTROINTESTINAL
DB09042,COLITIS,C0009319,GASTROINTESTINAL
DB09050,NEPHROTOXICITY,C0599918,ANALYTICAL
DB09052,NEUTROPENIA,C0027947,ANALYTICAL
DB09052,FEBRILE_NEUTROPENIA,C0746883,ANALYTICAL
DB09057,NAUSEA,C0027497,GASTROINTESTINAL
DB09063,NAUSEA,C0027497,GASTROINTESTINAL
DB09063,VOMITING,C0042963,GASTROINTESTINAL
DB09063,HEPATOTOXICITY,C0235378,GASTROINTESTINAL
DB09063,PNEUMONITIS,C0032285,PNEUMOLOGICAL
DB09065,NAUSEA,C0027497,GASTROINTESTINAL
DB09066,NAUSEA,C0027497,GASTROINTESTINAL
DB09066,VOMITING,C0042963,GASTROINTESTINAL
DB09068,NAUSEA,C0027497,GASTROINTESTINAL
DB09068,BLEEDING,C0019080,ANALYTICAL
DB09070,NAUSEA,C0027497,GASTROINTESTINAL
DB09074,DYSGEUSIA,C0013378,GENERAL
DB09074,CONSTIPATION,C0009806,GASTROINTESTINAL
DB09075,BLEEDING,C0019080,ANALYTICAL
DB09077,NEUTROPENIA,C0027947,ANALYTICAL
DB09078,ASTHENIA,C0004093,GENERAL
DB09078,NAUSEA,C0027497,GASTROINTESTINAL
DB09078,HEPATOTOXICITY,C0235378,GASTROINTESTINAL
DB09079,NAUSEA,C0027497,GASTROINTESTINAL
DB09079,VOMITING,C0042963,GASTROINTESTINAL
DB09081,DIARRHOEA,C0011991,GASTROINTESTINAL
DB09084,ALLERGIC_REACTION,C0020517,GENERAL
DB09084,ANAPHYLAXIS,C0002792,GENERAL
DB09084,NAUSEA,C0027497,GASTROINTESTINAL
DB09084,VOMITING,C0042963,GASTROINTESTINAL
DB09084,SKIN_RASH,C0015230,CUTANEOUS
DB09085,VOMITING,C0042963,GASTROINTESTINAL
DB09089,NAUSEA,C0027497,GASTROINTESTINAL
DB09089,CONSTIPATION,C0009806,GASTROINTESTINAL
DB09090,ALLERGY,C0020517,GENERAL
DB09090,NAUSEA,C0027497,GASTROINTESTINAL
DB09090,DIARRHOEA,C0011991,GASTROINTESTINAL
DB09090,CONSTIPATION,C0009806,GASTROINTESTINAL
DB09091,ALLERGY,C0020517,GENERAL
DB09093,HEPATOTOXICITY,C0235378,GASTROINTESTINAL
DB09094,SORES,C0149745,GENERAL
DB09097,ANOREXIA,C0003123,GENERAL
DB09097,NAUSEA,C0027497,GASTROINTESTINAL
DB09097,VOMITING,C0042963,GASTROINTESTINAL
DB09097,DIARRHOEA,C0011991,GASTROINTESTINAL
DB09097,CONSTIPATION,C0009806,GASTROINTESTINAL
DB09100,VOMITING,C0042963,GASTROINTESTINAL
DB09101,NAUSEA,C0027497,GASTROINTESTINAL
DB09101,VOMITING,C0042963,GASTROINTESTINAL
DB09102,NAUSEA,C0027497,GASTROINTESTINAL
DB09104,NAUSEA,C0027497,GASTROINTESTINAL
DB09104,VOMITING,C0042963,GASTROINTESTINAL
DB09110,ALOPECIA,C0002170,GENERAL
DB09110,ASTHENIA,C0004093,GENERAL
DB09110,ANOREXIA,C0003123,GENERAL
DB09110,NAUSEA,C0027497,GASTROINTESTINAL
DB09110,VOMITING,C0042963,GASTROINTESTINAL
DB09110,CONSTIPATION,C0009806,GASTROINTESTINAL
DB09116,SKIN_RASH,C0015230,CUTANEOUS
DB09117,NAUSEA,C0027497,GASTROINTESTINAL
DB09117,HEPATITIS,C0019158,GASTROINTESTINAL
DB09117,NEPHRITIS,C0027697,ANALYTICAL
DB09118,ANOREXIA,C0003123,GENERAL
DB09118,NAUSEA,C0027497,GASTROINTESTINAL
DB09118,VOMITING,C0042963,GASTROINTESTINAL
DB09118,NEUTROPENIA,C0027947,ANALYTICAL
DB09119,NAUSEA,C0027497,GASTROINTESTINAL
DB09119,VOMITING,C0042963,GASTROINTESTINAL
DB09119,TRANSAMINASES,C0002594,GASTROINTESTINAL
DB09121,NAUSEA,C0027497,GASTROINTESTINAL
DB09121,VOMITING,C0042963,GASTROINTESTINAL
DB09121,DERMATITIS,C0011603,CUTANEOUS
DB09122,ASTHENIA,C0004093,GENERAL
DB09129,NAUSEA,C0027497,GASTROINTESTINAL
DB09129,VOMITING,C0042963,GASTROINTESTINAL
DB09132,NAUSEA,C0027497,GASTROINTESTINAL
DB09141,ANAPHYLAXIS,C0002792,GENERAL
DB09141,NAUSEA,C0027497,GASTROINTESTINAL
DB09141,VOMITING,C0042963,GASTROINTESTINAL
DB09143,ASTHENIA,C0004093,GENERAL
DB09143,NAUSEA,C0027497,GASTROINTESTINAL
DB09143,ANAEMIA,C0002871,ANALYTICAL
DB09149,NAUSEA,C0027497,GASTROINTESTINAL
DB09151,NAUSEA,C0027497,GASTROINTESTINAL
DB09156,DYSGEUSIA,C0013378,GENERAL
DB09156,NAUSEA,C0027497,GASTROINTESTINAL
DB09156,VOMITING,C0042963,GASTROINTESTINAL
DB09161,ASTHENIA,C0004093,GENERAL
DB09161,VOMITING,C0042963,GASTROINTESTINAL
DB09164,NAUSEA,C0027497,GASTROINTESTINAL
DB09165,NAUSEA,C0027497,GASTROINTESTINAL
DB09165,VOMITING,C0042963,GASTROINTESTINAL
DB09165,SKIN_RASH,C0015230,CUTANEOUS
DB09167,NAUSEA,C0027497,GASTROINTESTINAL
DB09167,VOMITING,C0042963,GASTROINTESTINAL
DB09167,CONSTIPATION,C0009806,GASTROINTESTINAL
DB09183,ASTHENIA,C0004093,GENERAL
DB09183,NAUSEA,C0027497,GASTROINTESTINAL
DB09185,ANOREXIA,C0003123,GENERAL
DB09185,NAUSEA,C0027497,GASTROINTESTINAL
DB09185,VOMITING,C0042963,GASTROINTESTINAL
DB09185,DIARRHOEA,C0011991,GASTROINTESTINAL
DB09185,CONSTIPATION,C0009806,GASTROINTESTINAL
DB09185,SKIN_RASH,C0015230,CUTANEOUS
DB09208,ANAPHYLAXIS,C0002792,GENERAL
DB09211,NAUSEA,C0027497,GASTROINTESTINAL
DB09211,VOMITING,C0042963,GASTROINTESTINAL
DB09212,ANOREXIA,C0003123,GENERAL
DB09212,NAUSEA,C0027497,GASTROINTESTINAL
DB09212,VOMITING,C0042963,GASTROINTESTINAL
DB09212,CONSTIPATION,C0009806,GASTROINTESTINAL
DB09212,BLEEDING,C0019080,ANALYTICAL
DB09214,VOMITING,C0042963,GASTROINTESTINAL
DB09214,CONSTIPATION,C0009806,GASTROINTESTINAL
DB09214,SKIN_RASH,C0015230,CUTANEOUS
DB09214,BLEEDING,C0019080,ANALYTICAL
DB09220,NAUSEA,C0027497,GASTROINTESTINAL
DB09220,VOMITING,C0042963,GASTROINTESTINAL
DB09221,VOMITING,C0042963,GASTROINTESTINAL
DB09227,NAUSEA,C0027497,GASTROINTESTINAL
DB09227,VOMITING,C0042963,GASTROINTESTINAL
DB09228,NAUSEA,C0027497,GASTROINTESTINAL
DB09245,NAUSEA,C0027497,GASTROINTESTINAL
DB09245,CONSTIPATION,C0009806,GASTROINTESTINAL
DB09245,HEPATITIS,C0019158,GASTROINTESTINAL
DB09256,MUCOSITIS,C0333355,GENERAL
DB09256,NAUSEA,C0027497,GASTROINTESTINAL
DB09256,VOMITING,C0042963,GASTROINTESTINAL
DB09256,DIARRHOEA,C0011991,GASTROINTESTINAL
DB09256,BLEEDING,C0019080,ANALYTICAL
DB09262,CONSTIPATION,C0009806,GASTROINTESTINAL
DB09264,CONSTIPATION,C0009806,GASTROINTESTINAL
DB09267,ALLERGIC_REACTION,C0020517,GENERAL
DB09267,NAUSEA,C0027497,GASTROINTESTINAL
DB09272,NAUSEA,C0027497,GASTROINTESTINAL
DB09272,CONSTIPATION,C0009806,GASTROINTESTINAL
DB09276,DERMATITIS,C0011603,CUTANEOUS
DB09278,VOMITING,C0042963,GASTROINTESTINAL
DB09278,CONSTIPATION,C0009806,GASTROINTESTINAL
DB09278,PNEUMONITIS,C0032285,PNEUMOLOGICAL
DB09280,NAUSEA,C0027497,GASTROINTESTINAL
DB09285,HEPATOTOXICITY,C0235378,GASTROINTESTINAL
DB09285,BLEEDING,C0019080,ANALYTICAL
DB09291,NEUTROPENIA,C0027947,ANALYTICAL
DB09293,HYPOTHYROIDISM,C0020676,ENDOCRINE
DB09293,HYPERTHYROIDISM,C0020550,ENDOCRINE
DB09293,PNEUMONITIS,C0032285,PNEUMOLOGICAL
DB09296,ASTHENIA,C0004093,GENERAL
DB09296,NAUSEA,C0027497,GASTROINTESTINAL
DB09313,ASTHENIA,C0004093,GENERAL
DB09313,HYPOTHYROIDISM,C0020676,ENDOCRINE
DB09313,HYPERTHYROIDISM,C0020550,ENDOCRINE
DB09320,SKIN_RASH,C0015230,CUTANEOUS
DB09329,NAUSEA,C0027497,GASTROINTESTINAL
DB09330,MYOPATHY,C0026848,ENDOCRINE
DB09330,PNEUMONITIS,C0032285,PNEUMOLOGICAL
DB09338,NEUTROPENIA,C0027947,ANALYTICAL
DB09340,ALLERGIC_REACTION,C0020517,GENERAL
DB09342,ALLERGIC_REACTION,C0020517,GENERAL
DB09342,ANAPHYLAXIS,C0002792,GENERAL
DB09343,NEUTROPENIA,C0027947,ANALYTICAL
DB09343,FEBRILE_NEUTROPENIA,C0746883,ANALYTICAL
DB09363,VOMITING,C0042963,GASTROINTESTINAL
DB09363,DEAFNESS,C0011053,OTHER
DB09397,ALLERGIC_REACTION,C0020517,GENERAL
DB09397,ANAPHYLAXIS,C0002792,GENERAL
DB09397,NAUSEA,C0027497,GASTROINTESTINAL
DB09397,VOMITING,C0042963,GASTROINTESTINAL
DB09407,RENAL_INSUFFICIENCY,C0035078,ANALYTICAL
DB09409,NAUSEA,C0027497,GASTROINTESTINAL
DB09409,VOMITING,C0042963,GASTROINTESTINAL
DB09414,NAUSEA,C0027497,GASTROINTESTINAL
DB09414,VOMITING,C0042963,GASTROINTESTINAL
DB09418,SKIN_RASH,C0015230,CUTANEOUS
DB09422,NAUSEA,C0027497,GASTROINTESTINAL
DB09422,VOMITING,C0042963,GASTROINTESTINAL
DB09459,NAUSEA,C0027497,GASTROINTESTINAL
DB09459,VOMITING,C0042963,GASTROINTESTINAL
DB09477,ANAPHYLAXIS,C0002792,GENERAL
DB09477,CONSTIPATION,C0009806,GASTROINTESTINAL
DB09494,DERMATITIS,C0011603,CUTANEOUS
DB09498,BLEEDING,C0019080,ANALYTICAL
DB09517,NAUSEA,C0027497,GASTROINTESTINAL
DB09517,VOMITING,C0042963,GASTROINTESTINAL
DB09534,DERMATITIS,C0011603,CUTANEOUS
DB09552,ALLERGIC_REACTION,C0020517,GENERAL
DB09570,HEPATOTOXICITY,C0235378,GASTROINTESTINAL
DB09570,HEPATITIS,C0019158,GASTROINTESTINAL
DB10276,VOMITING,C0042963,GASTROINTESTINAL
DB10552,NAUSEA,C0027497,GASTROINTESTINAL
DB10552,VOMITING,C0042963,GASTROINTESTINAL
DB11071,NAUSEA,C0027497,GASTROINTESTINAL
DB11071,VOMITING,C0042963,GASTROINTESTINAL
DB11075,DERMATITIS,C0011603,CUTANEOUS
DB11092,DERMATITIS,C0011603,CUTANEOUS
DB11093,CONSTIPATION,C0009806,GASTROINTESTINAL
DB11094,ANOREXIA,C0003123,GENERAL
DB11094,NAUSEA,C0027497,GASTROINTESTINAL
DB11094,CONSTIPATION,C0009806,GASTROINTESTINAL
DB11094,RENAL_INSUFFICIENCY,C0035078,ANALYTICAL
DB11105,OTOTOXICITY,C0235280,OTHER
DB11112,ALLERGY,C0020517,GENERAL
DB11112,DERMATITIS,C0011603,CUTANEOUS
DB11113,DERMATITIS,C0011603,CUTANEOUS
DB11114,NAUSEA,C0027497,GASTROINTESTINAL
DB11114,VOMITING,C0042963,GASTROINTESTINAL
DB11117,ANOREXIA,C0003123,GENERAL
DB11118,NAUSEA,C0027497,GASTROINTESTINAL
DB11118,VOMITING,C0042963,GASTROINTESTINAL
DB11119,CONJUNCTIVITIS,C0009763,OTHER
DB11120,VOMITING,C0042963,GASTROINTESTINAL
DB11125,VOMITING,C0042963,GASTROINTESTINAL
DB11125,PNEUMONITIS,C0032285,PNEUMOLOGICAL
DB11127,NAUSEA,C0027497,GASTROINTESTINAL
DB11127,VOMITING,C0042963,GASTROINTESTINAL
DB11127,DERMATITIS,C0011603,CUTANEOUS
DB11131,PNEUMONITIS,C0032285,PNEUMOLOGICAL
DB11131,CONJUNCTIVITIS,C0009763,OTHER
DB11133,VOMITING,C0042963,GASTROINTESTINAL
DB11133,CONSTIPATION,C0009806,GASTROINTESTINAL
DB11135,NAUSEA,C0027497,GASTROINTESTINAL
DB11135,VOMITING,C0042963,GASTROINTESTINAL
DB11136,BLEEDING,C0019080,ANALYTICAL
DB11143,VOMITING,C0042963,GASTROINTESTINAL
DB11150,VOMITING,C0042963,GASTROINTESTINAL
DB11150,PNEUMONITIS,C0032285,PNEUMOLOGICAL
DB11151,DERMATITIS,C0011603,CUTANEOUS
DB11153,VOMITING,C0042963,GASTROINTESTINAL
DB11156,NAUSEA,C0027497,GASTROINTESTINAL
DB11156,VOMITING,C0042963,GASTROINTESTINAL
DB11185,ALLERGY,C0020517,GENERAL
DB11185,ANAPHYLAXIS,C0002792,GENERAL
DB11185,DERMATITIS,C0011603,CUTANEOUS
DB11185,OTOTOXICITY,C0235280,OTHER
DB11198,NAUSEA,C0027497,GASTROINTESTINAL
DB11198,DIARRHOEA,C0011991,GASTROINTESTINAL
DB11198,HEPATOTOXICITY,C0235378,GASTROINTESTINAL
DB11198,NEPHROTOXICITY,C0599918,ANALYTICAL
DB11201,NAUSEA,C0027497,GASTROINTESTINAL
DB11201,VOMITING,C0042963,GASTROINTESTINAL
DB11201,DEAFNESS,C0011053,OTHER
DB11202,DERMATITIS,C0011603,CUTANEOUS
DB11217,VOMITING,C0042963,GASTROINTESTINAL
DB11226,OTOTOXICITY,C0235280,OTHER
DB11239,NAUSEA,C0027497,GASTROINTESTINAL
DB11239,VOMITING,C0042963,GASTROINTESTINAL
DB11239,MYOPATHY,C0026848,ENDOCRINE
DB11239,SKIN_RASH,C0015230,CUTANEOUS
DB11242,ANAPHYLAXIS,C0002792,GENERAL
DB11242,BLEEDING,C0019080,ANALYTICAL
DB11248,VOMITING,C0042963,GASTROINTESTINAL
DB11300,BLEEDING,C0019080,ANALYTICAL
DB11304,HEPATOTOXICITY,C0235378,GASTROINTESTINAL
DB11326,NAUSEA,C0027497,GASTROINTESTINAL
DB11326,VOMITING,C0042963,GASTROINTESTINAL
DB11328,NAUSEA,C0027497,GASTROINTESTINAL
DB11328,VOMITING,C0042963,GASTROINTESTINAL
DB11338,DERMATITIS,C0011603,CUTANEOUS
DB11345,NAUSEA,C0027497,GASTROINTESTINAL
DB11345,VOMITING,C0042963,GASTROINTESTINAL
DB11363,CONSTIPATION,C0009806,GASTROINTESTINAL
DB11363,HEPATOTOXICITY,C0235378,GASTROINTESTINAL
DB11363,PNEUMONITIS,C0032285,PNEUMOLOGICAL
DB11569,NAUSEA,C0027497,GASTROINTESTINAL
DB11574,NAUSEA,C0027497,GASTROINTESTINAL
DB11575,NAUSEA,C0027497,GASTROINTESTINAL
DB11577,VOMITING,C0042963,GASTROINTESTINAL
DB11580,BLEEDING,C0019080,ANALYTICAL
DB11584,NAUSEA,C0027497,GASTROINTESTINAL
DB11586,TRANSAMINASES,C0002594,GASTROINTESTINAL
DB11588,NAUSEA,C0027497,GASTROINTESTINAL
DB11595,NAUSEA,C0027497,GASTROINTESTINAL
DB11595,CONSTIPATION,C0009806,GASTROINTESTINAL
DB11597,NAUSEA,C0027497,GASTROINTESTINAL
DB11597,RENAL_INSUFFICIENCY,C0035078,ANALYTICAL
DB11602,PNEUMONITIS,C0032285,PNEUMOLOGICAL
DB11603,SKIN_RASH,C0015230,CUTANEOUS
DB11609,CONSTIPATION,C0009806,GASTROINTESTINAL
DB11611,DYSGEUSIA,C0013378,GENERAL
DB11619,TRANSAMINASES,C0002594,GASTROINTESTINAL
DB11630,OTOTOXICITY,C0235280,OTHER
DB11632,CONSTIPATION,C0009806,GASTROINTESTINAL
DB11633,DYSGEUSIA,C0013378,GENERAL
DB11633,VOMITING,C0042963,GASTROINTESTINAL
DB11635,ALLERGIC_REACTION,C0020517,GENERAL
DB11635,BLEEDING,C0019080,ANALYTICAL
DB11642,NAUSEA,C0027497,GASTROINTESTINAL
DB11653,HYPERPIGMENTATION,C0162834,GENERAL
DB11653,NAUSEA,C0027497,GASTROINTESTINAL
DB11691,NAUSEA,C0027497,GASTROINTESTINAL
DB11691,VOMITING,C0042963,GASTROINTESTINAL
DB11714,HEPATITIS,C0019158,GASTROINTESTINAL
DB11714,COLITIS,C0009319,GASTROINTESTINAL
DB11714,HYPERTHYROIDISM,C0020550,ENDOCRINE
DB11714,ADRENAL_INSUFFICIENCY,C0001623,ENDOCRINE
DB11714,PNEUMONITIS,C0032285,PNEUMOLOGICAL
DB11714,RENAL_INSUFFICIENCY,C0035078,ANALYTICAL
DB11735,VOMITING,C0042963,GASTROINTESTINAL
DB11753,HEPATOTOXICITY,C0235378,GASTROINTESTINAL
DB11799,NAUSEA,C0027497,GASTROINTESTINAL
DB11799,HEPATOTOXICITY,C0235378,GASTROINTESTINAL
DB11823,NEUROTOXICITY,C0235032,NEUROLOGICAL
DB11828,NAUSEA,C0027497,GASTROINTESTINAL
DB11828,VOMITING,C0042963,GASTROINTESTINAL
DB11828,HEPATOTOXICITY,C0235378,GASTROINTESTINAL
DB11855,NAUSEA,C0027497,GASTROINTESTINAL
DB11855,VOMITING,C0042963,GASTROINTESTINAL
DB11943,ASTHENIA,C0004093,GENERAL
DB11943,NAUSEA,C0027497,GASTROINTESTINAL
DB11943,VOMITING,C0042963,GASTROINTESTINAL
DB11945,NAUSEA,C0027497,GASTROINTESTINAL
DB11945,HEPATITIS,C0019158,GASTROINTESTINAL
DB11945,COLITIS,C0009319,GASTROINTESTINAL
DB11945,HYPERTHYROIDISM,C0020550,ENDOCRINE
DB11945,ADRENAL_INSUFFICIENCY,C0001623,ENDOCRINE
DB11945,PNEUMONITIS,C0032285,PNEUMOLOGICAL
DB11945,NEPHRITIS,C0027697,ANALYTICAL
DB11945,RENAL_INSUFFICIENCY,C0035078,ANALYTICAL
DB11967,NAUSEA,C0027497,GASTROINTESTINAL
DB11967,VOMITING,C0042963,GASTROINTESTINAL
DB11967,DERMATITIS,C0011603,CUTANEOUS
DB11978,NAUSEA,C0027497,GASTROINTESTINAL
DB11978,VOMITING,C0042963,GASTROINTESTINAL
DB11979,NAUSEA,C0027497,GASTROINTESTINAL
DB11979,BLEEDING,C0019080,ANALYTICAL
DB11989,HEPATOTOXICITY,C0235378,GASTROINTESTINAL
DB11995,NAUSEA,C0027497,GASTROINTESTINAL
DB12010,HEPATOTOXICITY,C0235378,GASTROINTESTINAL
DB12010,NEUTROPENIA,C0027947,ANALYTICAL
DB12015,ASTHENIA,C0004093,GENERAL
DB12015,NAUSEA,C0027497,GASTROINTESTINAL
DB12020,NAUSEA,C0027497,GASTROINTESTINAL
DB12020,VOMITING,C0042963,GASTROINTESTINAL
DB12095,CONSTIPATION,C0009806,GASTROINTESTINAL
DB12130,SKIN_RASH,C0015230,CUTANEOUS
DB12161,NAUSEA,C0027497,GASTROINTESTINAL
DB12161,VOMITING,C0042963,GASTROINTESTINAL
DB12278,CONSTIPATION,C0009806,GASTROINTESTINAL
DB12328,HYPERPIGMENTATION,C0162834,GENERAL
DB12328,DERMATITIS,C0011603,CUTANEOUS
DB12328,BLEEDING,C0019080,ANALYTICAL
DB12329,ANAPHYLAXIS,C0002792,GENERAL
DB12329,DYSGEUSIA,C0013378,GENERAL
DB12329,NAUSEA,C0027497,GASTROINTESTINAL
DB12329,VOMITING,C0042963,GASTROINTESTINAL
DB12329,COLITIS,C0009319,GASTROINTESTINAL
DB12329,PANCREATITIS,C0030305,ENDOCRINE
DB12364,HEPATOTOXICITY,C0235378,GASTROINTESTINAL
DB12364,BLEEDING,C0019080,ANALYTICAL
DB12442,NAUSEA,C0027497,GASTROINTESTINAL
DB12442,VOMITING,C0042963,GASTROINTESTINAL
DB12455,HYPERPIGMENTATION,C0162834,GENERAL
DB12498,HEPATITIS,C0019158,GASTROINTESTINAL
DB12498,SKIN_RASH,C0015230,CUTANEOUS
DB12498,PNEUMONITIS,C0032285,PNEUMOLOGICAL
DB12498,MYOCARDITIS,C0027059,CARDIOLOGICAL
DB12598,ANAPHYLAXIS,C0002792,GENERAL
DB12702,NAUSEA,C0027497,GASTROINTESTINAL
DB12702,VOMITING,C0042963,GASTROINTESTINAL
DB12783,NAUSEA,C0027497,GASTROINTESTINAL
DB12783,VOMITING,C0042963,GASTROINTESTINAL
DB12836,VOMITING,C0042963,GASTROINTESTINAL
DB12911,ALLERGIC_REACTION,C0020517,GENERAL
DB12924,DERMATITIS,C0011603,CUTANEOUS
DB13142,ANOREXIA,C0003123,GENERAL
DB13142,NAUSEA,C0027497,GASTROINTESTINAL
DB13142,VOMITING,C0042963,GASTROINTESTINAL
DB13142,CONSTIPATION,C0009806,GASTROINTESTINAL
DB13145,NAUSEA,C0027497,GASTROINTESTINAL
DB13145,VOMITING,C0042963,GASTROINTESTINAL
DB13145,NEPHROTOXICITY,C0599918,ANALYTICAL
DB13145,OTOTOXICITY,C0235280,OTHER
DB13163,NAUSEA,C0027497,GASTROINTESTINAL
DB13163,VOMITING,C0042963,GASTROINTESTINAL
DB13192,HEPATITIS,C0019158,GASTROINTESTINAL
DB13209,COLITIS,C0009319,GASTROINTESTINAL
DB13257,NAUSEA,C0027497,GASTROINTESTINAL
DB13257,VOMITING,C0042963,GASTROINTESTINAL
DB13257,CONSTIPATION,C0009806,GASTROINTESTINAL
DB13257,BLEEDING,C0019080,ANALYTICAL
DB13293,MYOPATHY,C0026848,ENDOCRINE
DB13346,NAUSEA,C0027497,GASTROINTESTINAL
DB13346,VOMITING,C0042963,GASTROINTESTINAL
DB13501,HEPATOTOXICITY,C0235378,GASTROINTESTINAL
DB13501,TRANSAMINASES,C0002594,GASTROINTESTINAL
DB13518,NAUSEA,C0027497,GASTROINTESTINAL
DB13518,VOMITING,C0042963,GASTROINTESTINAL
DB13518,PNEUMONITIS,C0032285,PNEUMOLOGICAL
DB13615,NAUSEA,C0027497,GASTROINTESTINAL
DB13615,VOMITING,C0042963,GASTROINTESTINAL
DB13620,VOMITING,C0042963,GASTROINTESTINAL
DB13707,NAUSEA,C0027497,GASTROINTESTINAL
DB13707,VOMITING,C0042963,GASTROINTESTINAL
DB13746,NAUSEA,C0027497,GASTROINTESTINAL
DB13746,VOMITING,C0042963,GASTROINTESTINAL
DB13749,NAUSEA,C0027497,GASTROINTESTINAL
DB13749,VOMITING,C0042963,GASTROINTESTINAL
DB13783,NEPHRITIS,C0027697,ANALYTICAL
DB13783,RENAL_INSUFFICIENCY,C0035078,ANALYTICAL
DB13800,RENAL_INSUFFICIENCY,C0035078,ANALYTICAL
DB13813,VOMITING,C0042963,GASTROINTESTINAL
DB13813,DERMATITIS,C0011603,CUTANEOUS
DB13873,ASTHENIA,C0004093,GENERAL
DB13873,NAUSEA,C0027497,GASTROINTESTINAL
DB13873,CONSTIPATION,C0009806,GASTROINTESTINAL
DB13873,HEPATITIS,C0019158,GASTROINTESTINAL
DB13873,TRANSAMINASES,C0002594,GASTROINTESTINAL
DB13873,HYPOTHYROIDISM,C0020676,ENDOCRINE
DB13873,MYOPATHY,C0026848,ENDOCRINE
DB13873,PANCREATITIS,C0030305,ENDOCRINE
DB13873,NEPHROTOXICITY,C0599918,ANALYTICAL
DB13873,RENAL_INSUFFICIENCY,C0035078,ANALYTICAL
DB13882,HEPATITIS,C0019158,GASTROINTESTINAL
DB13883,ANAPHYLAXIS,C0002792,GENERAL
DB13883,VOMITING,C0042963,GASTROINTESTINAL
DB13886,NAUSEA,C0027497,GASTROINTESTINAL
DB13886,VOMITING,C0042963,GASTROINTESTINAL
DB13891,ANAPHYLAXIS,C0002792,GENERAL
DB13891,NAUSEA,C0027497,GASTROINTESTINAL
DB13892,ALLERGIC_REACTION,C0020517,GENERAL
DB13892,ANAPHYLAXIS,C0002792,GENERAL
DB13892,NAUSEA,C0027497,GASTROINTESTINAL
DB13893,ALLERGIC_REACTION,C0020517,GENERAL
DB13893,NAUSEA,C0027497,GASTROINTESTINAL
DB13894,ALLERGIC_REACTION,C0020517,GENERAL
DB13894,ANAPHYLAXIS,C0002792,GENERAL
DB13894,NAUSEA,C0027497,GASTROINTESTINAL
DB13896,NAUSEA,C0027497,GASTROINTESTINAL
DB13897,ANAPHYLAXIS,C0002792,GENERAL
DB13897,NAUSEA,C0027497,GASTROINTESTINAL
DB13897,VOMITING,C0042963,GASTROINTESTINAL
DB13898,ANAPHYLAXIS,C0002792,GENERAL
DB13898,NAUSEA,C0027497,GASTROINTESTINAL
DB13898,VOMITING,C0042963,GASTROINTESTINAL
DB13899,ANAPHYLAXIS,C0002792,GENERAL
DB13899,NAUSEA,C0027497,GASTROINTESTINAL
DB13899,VOMITING,C0042963,GASTROINTESTINAL
DB13900,NAUSEA,C0027497,GASTROINTESTINAL
DB13900,VOMITING,C0042963,GASTROINTESTINAL
DB13901,ANAPHYLAXIS,C0002792,GENERAL
DB13901,NAUSEA,C0027497,GASTROINTESTINAL
DB13901,VOMITING,C0042963,GASTROINTESTINAL
DB13902,ANAPHYLAXIS,C0002792,GENERAL
DB13902,NAUSEA,C0027497,GASTROINTESTINAL
DB13902,VOMITING,C0042963,GASTROINTESTINAL
DB13903,ANAPHYLAXIS,C0002792,GENERAL
DB13903,NAUSEA,C0027497,GASTROINTESTINAL
DB13903,VOMITING,C0042963,GASTROINTESTINAL
DB13905,ALLERGIC_REACTION,C0020517,GENERAL
DB13905,ANAPHYLAXIS,C0002792,GENERAL
DB13905,NAUSEA,C0027497,GASTROINTESTINAL
DB13905,VOMITING,C0042963,GASTROINTESTINAL
DB13908,NAUSEA,C0027497,GASTROINTESTINAL
DB13909,HEPATOTOXICITY,C0235378,GASTROINTESTINAL
DB13909,NEPHROTOXICITY,C0599918,ANALYTICAL
DB13915,NEUROTOXICITY,C0235032,NEUROLOGICAL
DB13941,HEPATOTOXICITY,C0235378,GASTROINTESTINAL
DB13941,OTOTOXICITY,C0235280,OTHER
DB13949,NAUSEA,C0027497,GASTROINTESTINAL
DB13949,VOMITING,C0042963,GASTROINTESTINAL
DB13952,NAUSEA,C0027497,GASTROINTESTINAL
DB13952,VOMITING,C0042963,GASTROINTESTINAL
DB13952,BLEEDING,C0019080,ANALYTICAL
DB13961,NAUSEA,C0027497,GASTROINTESTINAL
DB13964,ALLERGY,C0020517,GENERAL
DB13964,ALLERGIC_REACTION,C0020517,GENERAL
DB13975,HEPATOTOXICITY,C0235378,GASTROINTESTINAL
DB13975,HEPATITIS,C0019158,GASTROINTESTINAL
DB13975,BLEEDING,C0019080,ANALYTICAL
DB14006,HEPATOTOXICITY,C0235378,GASTROINTESTINAL
DB14006,BLEEDING,C0019080,ANALYTICAL
DB14019,ASTHENIA,C0004093,GENERAL
DB14019,CONSTIPATION,C0009806,GASTROINTESTINAL
DB14033,ANOREXIA,C0003123,GENERAL
DB14033,NAUSEA,C0027497,GASTROINTESTINAL
DB14033,VOMITING,C0042963,GASTROINTESTINAL
DB14033,HEPATITIS,C0019158,GASTROINTESTINAL
DB14033,NEPHROTOXICITY,C0599918,ANALYTICAL
DB14033,NEPHRITIS,C0027697,ANALYTICAL
DB14039,CONSTIPATION,C0009806,GASTROINTESTINAL
DB14040,NAUSEA,C0027497,GASTROINTESTINAL
DB14040,VOMITING,C0042963,GASTROINTESTINAL
DB14042,DERMATITIS,C0011603,CUTANEOUS
DB14074,DERMATITIS,C0011603,CUTANEOUS
DB14112,ANAPHYLAXIS,C0002792,GENERAL
DB14112,NAUSEA,C0027497,GASTROINTESTINAL
DB14112,VOMITING,C0042963,GASTROINTESTINAL
DB14112,DERMATITIS,C0011603,CUTANEOUS
DB14185,VOMITING,C0042963,GASTROINTESTINAL
DB14488,VOMITING,C0042963,GASTROINTESTINAL
DB14489,VOMITING,C0042963,GASTROINTESTINAL
DB14490,VOMITING,C0042963,GASTROINTESTINAL
DB14491,VOMITING,C0042963,GASTROINTESTINAL
DB14501,VOMITING,C0042963,GASTROINTESTINAL
DB14505,NAUSEA,C0027497,GASTROINTESTINAL
DB14505,VOMITING,C0042963,GASTROINTESTINAL
DB14520,NAUSEA,C0027497,GASTROINTESTINAL
DB14520,VOMITING,C0042963,GASTROINTESTINAL
DB14526,BLEEDING,C0019080,ANALYTICAL
DB14527,BLEEDING,C0019080,ANALYTICAL
DB14528,BLEEDING,C0019080,ANALYTICAL
DB14529,BLEEDING,C0019080,ANALYTICAL
DB14530,BLEEDING,C0019080,ANALYTICAL
DB14568,PNEUMONITIS,C0032285,PNEUMOLOGICAL
DB14583,NAUSEA,C0027497,GASTROINTESTINAL
DB14583,BLEEDING,C0019080,ANALYTICAL
DB14700,ALLERGIC_REACTION,C0020517,GENERAL
DB14700,NAUSEA,C0027497,GASTROINTESTINAL
DB14700,BLEEDING,C0019080,ANALYTICAL
DB14707,HEPATITIS,C0019158,GASTROINTESTINAL
DB14707,COLITIS,C0009319,GASTROINTESTINAL
DB14707,PNEUMONITIS,C0032285,PNEUMOLOGICAL
DB14707,NEPHRITIS,C0027697,ANALYTICAL
DB14713,NEPHRITIS,C0027697,ANALYTICAL
DB14730,HEPATOTOXICITY,C0235378,GASTROINTESTINAL
DB14730,PANCREATITIS,C0030305,ENDOCRINE
DB14754,ANOREXIA,C0003123,GENERAL
